id,text,text_el,is_criticism,topic-context,subtopic-context,sentiment,polarization-definition,populism-definition,ner-limited
1,"Mr. Regional Governor, Mayors, friends, and Young Democrats, I have a habit of not changing my ways, and you may remember that last week, before the July 2019 elections, I was on a road trip to Halkidiki. And just as you brought us luck in the party during that election, I am sure that Halkidiki will again send a message of great victory in the ballot box on June 25th. I feel that the Mayor has said it all, sending a message of vigilance, a message that we should not be complacent. The elections are taking place on June 25th with all the ballot boxes empty, which must be refilled with many New Democracy ballots.","Κύριε Περιφερειάρχα, κύριοι Δήμαρχοι, φίλες και φίλοι, Νεοδημοκράτισσες και Νεοδημοκράτες, έχω μία συνήθεια να μην αλλάζω τα γούρια μου και ίσως θυμάστε ότι πάλι πριν από τις εκλογές του Ιουλίου του 2019, την τελευταία εβδομάδα, είχα βρεθεί σε ένα οδοιπορικό στη Χαλκιδική.Και όπως μας φέρατε γούρι στην παράταξη σε αυτές τις εκλογές, έτσι είμαι σίγουρος ότι η Χαλκιδική θα στείλει και πάλι το μήνυμα της μεγάλης νίκης στην κάλπη της 25ης Ιουνίου.Αισθάνομαι ότι ο κ. Δήμαρχος τα είπε όλα, στέλνοντας ένα μήνυμα επαγρύπνησης, ένα μήνυμα ότι δεν πρέπει να εφησυχάσουμε. Οι εκλογές γίνονται στις 25 Ιουνίου με όλες τις κάλπες άδειες, που πρέπει να ξαναγεμίσουν με πολλά ψηφοδέλτια της Νέας Δημοκρατίας.",political agenda,elections,election spending,0,0,0,"[['mr. regional governor', 'person', '1', 'mayors', 'group of people', '1', 'young democrats', 'group of people', '0.8', 'july 2019', 'date', '1', 'halkidiki', 'location', '1', 'new democracy', 'political party', '1', 'june 25th', 'date', '1].']]"
2,"The result of May 21 was significant for the Greek society's will to continue on the path of progress and national pride. However, it must be reaffirmed at the ballot box on June 25 with even higher percentages than those achieved in the previous elections. We now have a clear understanding of the electoral map, knowing where we did very well, where we did well, and where we can improve. In every region I visit, I want us to set specific targets that relate to the constituency I am in.","Το αποτέλεσμα της 21ης Μαΐου ήταν σημαδιακό για τη βούληση της ελληνικής κοινωνίας, να συνεχίσουμε στο δρόμο της προκοπής και της εθνικής υπερηφάνειας. Πρέπει, όμως, να επανεπιβεβαιωθεί στην κάλπη της 25ης Ιουνίου με ακόμα υψηλότερα ποσοστά από αυτά που πετύχαμε στις προηγούμενες εκλογές.Επειδή τώρα έχουμε μία πολύ καλή εικόνα του εκλογικού χάρτη, ξέρουμε πού πήγαμε πολύ καλά, πού πήγαμε καλά, πού μπορούμε να πάμε καλύτερα. Σε  κάθε περιοχή την οποία επισκέπτομαι θέλω να θέτουμε και ειδικούς στόχους που αφορούν την εκλογική περιφέρεια στην οποία βρίσκομαι.",political agenda,elections,campaigning,0.7,0.2,0,"[['may 21', 'date', '1.0'], ['greek society', 'group of people', '0.9'], ['june 25', 'date', '1.0'], ['electoral map', 'location', '0.8'], ['previous elections', 'event', '1.0'], ['region', 'location', '0.8'], ['constituency', 'group of people', '0.9']]"
3,"So, here in Halkidiki, our goal is to win two seats. Things are simple; we need to increase our percentage even more. We can achieve this, but we must also squeeze some smaller parties and groups that have appeared mainly on the right of New Democracy.","Εδώ, λοιπόν, στη Χαλκιδική ένα στόχο έχουμε: πάμε να βγάλουμε δύο έδρες. Τα πράγματα είναι απλά, πρέπει να ανεβάσουμε κι άλλο το ποσοστό μας. Μπορούμε να το πετύχουμε, αλλά πρέπει να συμπιέσουμε και κάποια μικρότερα κόμματα και κομματίδια, τα οποία έκαναν την εμφάνισή τους κυρίως στα δεξιά της Νέας Δημοκρατίας.",political agenda,elections,coalition,0.4,0.6,0,"[['halkidiki', 'location', '1.0'], ['new democracy', 'political party', '1.0']]"
4,"Parties that were completely unknown appealed to religious sentiment and I think they misled some of our fellow citizens who believed that this is how they were expressing their faith by voting for a particular small party. I have said it many times, and I repeat it to you: Orthodoxy is too big to be imprisoned within the confines of a party. Faith unites us, it does not divide us, and under no circumstances can the issues of the Church be the subject of a partisan election debate. So, I want to send a message to all and to everyone: we should leave church matters outside of political disagreements and not involve Orthodoxy in any way with the issues that have to do with the governance of the country. I want to believe that this message will be heard by our fellow citizens here in Halkidiki and they may re-evaluate their choices. Just as I think that you will also evaluate here, especially in Macedonia, in northern Greece, what responsible patriotism actually means in practice.","Κόμματα τα οποία ήταν παντελώς άγνωστα, επικαλέστηκαν το θρησκευτικό συναίσθημα και νομίζω ότι παραπλάνησαν κάποιους συμπολίτες μας, οι οποίοι πίστεψαν ότι με αυτόν τον τρόπο εκφράζουν την πίστη τους, ψηφίζοντας ένα συγκεκριμένο μικρό κόμμα.Το έχω πει πολλές φορές, το επαναλαμβάνω και σε εσάς: η Ορθοδοξία είναι πολύ μεγάλη για να φυλακίζεται στα όρια ενός κόμματος. Η πίστη μάς ενώνει, δεν μας διχάζει και σε καμία περίπτωση τα ζητήματα της Εκκλησίας δεν μπορούν να είναι αντικείμενο προεκλογικής κομματικής αντιπαράθεσης.Θέλω, λοιπόν, κι από δω να στείλω ένα μήνυμα, σε όλες και σε όλους: τα εκκλησιαστικά να τα αφήσουμε έξω από τις πολιτικές διαφωνίες και να μην εμπλέκουμε σε καμία περίπτωση την Ορθοδοξία με τα ζητήματα που έχουν να κάνουν με τη διακυβέρνηση του τόπου.Θέλω να πιστεύω ότι αυτό το μήνυμα και εδώ στη Χαλκιδική θα το ακούσουν συμπολίτες μας και μπορεί να επαναξιολογήσουν τις επιλογές τους. Όπως νομίζω ότι θα αξιολογήσετε κι εσείς εδώ, ειδικά στη Μακεδονία, στη βόρεια Ελλάδα, τι σημαίνει ουσιαστικά, στην πράξη, υπεύθυνος πατριωτισμός.",political agenda,elections,other,-0.3,0.2,0,"[['orthodoxy', 'organization', '1.0'], ['halkidiki', 'location', '1.0'], ['macedonia', 'location', '1.0'], ['northern greece', 'location', '1.0']]"
5,"One of the big issues of the June 25th election is who will manage the country's foreign and defense issues in a very difficult geopolitical situation and who can continue this great effort that we have started to make the country a strong pole of stability and development in the Eastern Mediterranean. I don't need to tell you much about what we have achieved in the four years that we have been called upon to manage the fate of the country. The only thing I can tell you is that this robust foreign and defense policy will continue under a New Democracy government. We will continue to invest in our Armed Forces, to build strong alliances. Greece's voice will be heard in Europe. Yes, we will continue to protect our borders, as we have done for the past four years with efficiency and humanity.","Ένα από τα μεγάλα ζητήματα της κάλπης της 25ης Ιουνίου είναι ποιος θα διαχειριστεί τα εξωτερικά και αμυντικά ζητήματα της χώρας σε μια πολύ δύσκολη γεωπολιτικά συγκυρία και ποιος μπορεί να συνεχίσει αυτή τη μεγάλη προσπάθεια την οποία έχουμε ξεκινήσει να καταστήσουμε τη χώρα ισχυρό πόλο σταθερότητας και ανάπτυξης στην Ανατολική Μεσόγειο.Δεν χρειάζεται να σας πω πολλά πράγματα γι’ αυτά τα οποία πετύχαμε τα τέσσερα χρόνια τα οποία κληθήκαμε να διαχειριστούμε τις τύχες του τόπου. Ένα πράγμα μόνο, το οποίο μπορώ να σας πω, είναι ότι αυτή η στιβαρή εξωτερική και αμυντική πολιτική θα συνεχιστεί με κυβέρνηση της Νέας Δημοκρατίας.Θα εξακολουθούμε να επενδύουμε στις Ένοπλες Δυνάμεις μας, να χτίζουμε γερές συμμαχίες. Η φωνή της Ελλάδος να ακούγεται στην Ευρώπη. Ναι, θα εξακολουθούμε να προστατεύουμε τα σύνορά μας, όπως το κάναμε εδώ και τέσσερα χρόνια με αποτελεσματικότητα αλλά και με ανθρωπιά.",political agenda,national security,other,0.8,0,0,"[['june 25th election', 'date', '1.0'], ['new democracy', 'political party', '1.0'], ['armed forces', 'organization', '1.0'], ['greece', 'country', '1.0'], ['europe', 'location', '1.0']]"
6,"The Evros fence will be completed despite some people fighting it. We will leave those who, instead of defending the country, target it and ultimately give arguments to Turkish propaganda to the judgment of the citizens. It is very sad what happened in recent days with the targeting of the Coast Guard by SYRIZA for the tragic shipwreck of Pylos. It is unfortunate to see the same arguments being reproduced by official Turkey and Turkish propaganda.","Ο φράχτης στον Έβρο θα ολοκληρωθεί, παρά το γεγονός ότι κάποιοι τον αντιπαλεύουν. Και θα αφήσουμε στην κρίση των πολιτών αυτούς οι οποίοι σε όποια ευκαιρία βρίσκουν -έχουν τη δυνατότητα και την ευκαιρία ουσιαστικά-  αντί να υπερασπίζονται τη χώρα, να στοχοποιούν τη χώρα και να δίνουν τελικά επιχειρήματα στην τουρκική προπαγάνδα.Είναι πολύ λυπηρό αυτό το οποίο έγινε τις τελευταίες ημέρες με τη στοχοποίηση του Λιμενικού Σώματος από πλευράς ΣΥΡΙΖΑ για το τραγικό ναυάγιο της Πύλου. Και πραγματικά πολύ δυσάρεστο να βλέπουμε ακριβώς τα ίδια επιχειρήματα να αναπαράγονται από την επίσημη Τουρκία και από την τουρκική προπαγάνδα.",criticism,migration,evros fence,-0.6,0.6,0.2,"[['evros', 'location', '100'], ['syriza', 'political party', '100'], ['pylos', 'location', '100'], ['turkey', 'country', '100']]"
7,"But let the citizens be the judge of that. I think they know us all well enough by now and have made their choices. Essentially, we are asking them to make the same choice again at the ballot box on June 25th, which was to reward the hard work done over four years. However, it was also a choice of expectation about what can be done from now on and how we can continue on the path of growth.","Ας είναι όμως, ας τα κρίνουν αυτά οι πολίτες. Νομίζω ότι μας γνωρίζουν πια  αρκετά καλά όλους, έχουν κάνει τις επιλογές τους. Αυτό που τους ζητούμε ουσιαστικά είναι να ξανακάνουν την ίδια επιλογή στην κάλπη της 25ης Ιουνίου, η οποία ήταν μια επιλογή επιβράβευσης μιας σκληρής δουλειάς η οποία έγινε εδώ και τέσσερα χρόνια. Αλλά, ταυτόχρονα, ήταν και μια επιλογή προσδοκίας για το τι μπορεί να γίνει από εδώ και στο εξής, πώς μπορούμε να συνεχίσουμε στον δρόμο της ανάπτυξης.",political agenda,elections,election spending,0.5,0,0,"[['citizens', 'group of people', '0.8'], ['june 25th', 'date', '0.8']]"
8,"How can each region of the country exploit its comparative advantages, as the Vice-Regional Governor said, so that we can create additional wealth, keep young people in our country, and essentially support the development dynamics of each Greek region?","Πώς μπορεί κάθε περιοχή της χώρας, όπως είπε και η κυρία Αντιπεριφερειάρχης, να αξιοποιήσει τα συγκριτικά της πλεονεκτήματα, έτσι ώστε να μπορούμε να δημιουργούμε πρόσθετο πλούτο, να κρατάμε τα νέα παιδιά στον τόπο μας και να στηρίζουμε, ουσιαστικά, την αναπτυξιακή δυναμική κάθε ελληνικής περιφέρειας.",political agenda,economy,youth,0.7,0,0,"[['vice-regional governor', 'person', '0.75'], ['greek', 'country', '0.75']]"
9,"These are the issues that concern you. I know, for example, that you have had a lot of damage now with the recent rains. Our main concern, our first concern the next day, is to see how we can cover the farmers who were hit by this unprecedented bad weather. You know, we have done that. We have been doing that for four years now. And while we are talking about agricultural compensation, I want to remind you that in total, our government has made available through ELGA more than one billion euros to support the primary sector from the effects of climate change. Of that one billion euros, my friends, only 500 million euros were farmers' contributions. The remaining 500 million came from the national budget.","Αυτά είναι τα ζητήματα τα οποία σας απασχολούν. Ξέρω, παραδείγματος χάρη, ότι είχατε μεγάλες ζημιές τώρα με τις πρόσφατες βροχοπτώσεις. Κύριο μέλημά μας -πρώτο μέλημά μας την επόμενη μέρα- είναι να δούμε πώς μπορούμε να καλύψουμε τους αγρότες οι οποίοι χτυπήθηκαν από αυτή την πρωτοφανή κακοκαιρία.Ξέρετε, το κάναμε αυτό. Το κάναμε αυτό τέσσερα χρόνια τώρα. Και μιας και μιλάμε για αγροτικές αποζημιώσεις, θέλω να σας θυμίσω ότι συνολικά η κυβέρνησή μας διέθεσε μέσω του ΕΛΓΑ παραπάνω από ένα δισεκατομμύριο ευρώ για να στηρίξουμε τον πρωτογενή τομέα από τις επιπτώσεις της Κλιματικής αλλαγής.Από αυτό το ένα δισεκατομμύριο ευρώ, φίλες και φίλοι, μόνο τα 500 εκατομμύρια ήταν οι εισφορές των αγροτών. Τα υπόλοιπα 500 εκατομμύρια  ήρθαν από τον κρατικό προϋπολογισμό.",political agenda,agricultural policy,other,0.5,0,0,"[['elga', 'organization', '1.0'], ['government', 'organization', '1.0'], ['country', 'location', '1.0'], ['climate change', 'organization', '0.8'], ['farmers', 'group of people', '1.0']]"
10,"But it was a conscious decision that we made not to abandon our farmers and our primary sector and to support all those who suffered damage from extreme weather events. However, we could not have taken this step if the economy was not growing and if we did not have growth surpluses.","Ήταν, όμως, μια συνειδητή απόφαση την οποία πήραμε. Να μην εγκαταλείψουμε τους αγρότες μας και τον πρωτογενή μας τομέα και να στηρίξουμε όλους εκείνους οι οποίοι υπέστησαν ζημιές από ακραία καιρικά φαινόμενα. Όμως δεν θα μπορούσαμε, προσέξτε, να κάνουμε αυτή την κίνηση εάν η οικονομία δεν αναπτυσσόταν, εάν δεν είχαμε αναπτυξιακά πλεονάσματα.",political agenda,agricultural policy,economic crisis,0.4,0,0,[]
11,"That is why growth is so important. That is why the ""health"" of public finances is so important after all. Because if public finances are not healthy, the state cannot come to support society and citizens when they need it.","Γι’ αυτό και η ανάπτυξη είναι τόσο σημαντική. Γι’ αυτό και η «υγεία» των δημόσιων οικονομικών, τελικά, είναι τόσο σημαντική. Διότι αν τα δημόσια οικονομικά δεν είναι υγιή, δεν μπορεί να έρθει το κράτος να στηρίξει την κοινωνία και τους πολίτες όταν θα το έχουν ανάγκη.",political agenda,economy,austerity,0.3,0,0,"[['citizens', 'group of people', '0.8'], ['state', 'organization', '0.7']]"
12,"So we will be on the front line with the new leadership of the Ministry of Rural Development to see the damage that has been done, which ones are covered by ELGA, and which ones are not covered by ELGA. In any case, we are going to reform the ELGA regulation so that we can adapt to the new facts of climate change, which oblige us all to look at environmental protection issues through a different lens.","Θα είμαστε, λοιπόν, στην πρώτη γραμμή, με τη νέα ηγεσία του Υπουργείου Αγροτικής Ανάπτυξης, να δούμε τις ζημιές οι οποίες έγιναν. Ποιες καλύπτονται από τον ΕΛΓΑ, ποιες δεν καλύπτονται από τον ΕΛΓΑ. Ούτως ή άλλως πάμε σε μία αναμόρφωση του κανονισμού του ΕΛΓΑ, έτσι ώστε να προσαρμοστούμε στα νέα δεδομένα πια της Κλιματικής αλλαγής, τα οποία μάς υποχρεώνουν όλους να δούμε τα ζητήματα της προστασίας του περιβάλλοντος μέσα από ένα διαφορετικό μάτι.",political agenda,agricultural policy,natural disasters,0.3,0,0,"[['ministry of rural development', 'organization', '0.7'], ['elga', 'organization', '0.9'], ['elga', 'organization', '0.9'], ['elga regulation', 'organization', '0.6'], ['climate change', 'group of people', '0.4.']]"
13,"And that is why it is so important, here in Halkidiki. We have discussed this many times, including the last time I was here: the management of water resources. The Havria Dam is a commitment being implemented by the government of New Democracy, despite the difficulties. We now have the financial tools and will find a company to build it to the right specifications. It is my commitment to Halkidiki so that we can have all the irrigation potential to cover a large part of the regional unit, while also protecting Halkidiki from flooding phenomena that have affected the area in the past.","Και γι’ αυτό και έχει τόσο μεγάλη σημασία, εδώ, στην Χαλκιδική -το έχουμε κουβεντιάσει πολλές φορές, το είχαμε συζητήσει και την προηγούμενη φορά που είχα έρθει- η διαχείριση του υδάτινου δυναμικού.Το Φράγμα του Χαβρία είναι μία δέσμευση η οποία υλοποιείται από την κυβέρνηση της Νέας Δημοκρατίας, παρά τις δυσκολίες. Έχουμε πια το χρηματοδοτικό εργαλείο, θα βρούμε εταιρεία να το κατασκευάσει με τις σωστές προδιαγραφές. Είναι μία δέσμευση δική μου για τη Χαλκιδική ώστε να μπορούμε να γνωρίζουμε ότι έχουμε όλες τις αρδευτικές δυνατότητες να καλύψουμε ένα μεγάλο κομμάτι της Περιφερειακής Ενότητας, αλλά ταυτόχρονα να προστατεύσουμε και τη Χαλκιδική από πλημμυρικά φαινόμενα που σας έχουν πλήξει στο παρελθόν.",political agenda,infrastructure,other,0.4,0,0,"[['halkidiki', 'location', '1.0'], ['new democracy', 'political party', '0.9'], ['havria dam', 'organization', '0.9'], ['company', 'organization', '0.7']]"
14,"Here in Halkidiki, the dynamic primary sector coexists with high-quality, exportable products. These are the products we ultimately want, as they bring good prices to our farmers and contribute to a tourism development that is gaining new momentum and can bring more wealth to the entire region.","Γιατί εδώ ουσιαστικά, στην Χαλκιδική, συνυπάρχει ο δυναμικός πρωτογενής τομέας με προϊόντα τα οποία είναι ποιοτικά και εξαγώγιμα. Αυτά είναι τα προϊόντα τα οποία θέλουμε τελικά, έτσι δεν είναι; Αυτά είναι τα προϊόντα τα οποία φέρνουν καλές τιμές στους αγρότες μας, με μία τουριστική ανάπτυξη η οποία αποκτά μία νέα δυναμική και η οποία, ναι, μπορεί να δώσει περισσότερο πλούτο σε ολόκληρη την περιοχή.",political agenda,agricultural policy,other,0.6,0,0,"[['halkidiki', 'location', '0.9'], ['farmers', 'group of people', '0.7'], ['tourism development', 'organization', '0.6'], ['region', 'location', '0.4.']]"
15,"We are going for another great tourist season. However, we understand that our tourism must be viewed in a different context, with sustainable and high-quality investments.","Πηγαίνουμε πάλι για μία πολύ καλή τουριστική σεζόν. Όμως γνωρίζουμε ότι τον τουρισμό μας πρέπει να τον δούμε μέσα από ένα διαφορετικό πλαίσιο, με βιώσιμες επενδύσεις, με ποιοτικές επενδύσεις.",political agenda,tourism,green energy,0.7,0,0,[]
16,"Quality investments, my friends, ultimately result in better wages. When targeting an audience with higher paying potential, there is potential for higher wages in the future. It is necessary to provide higher wages to workers, which ultimately increases wages nationwide. This is a central policy choice of ours.","Οι ποιοτικές επενδύσεις είναι αυτές, φίλες και φίλοι, οι οποίες τελικά δίνουν και καλύτερους μισθούς. Όταν απευθύνεσαι σε ένα άλλο κοινό το οποίο μπορεί να πληρώσει περισσότερα, έχεις τη δυνατότητα αύριο να δώσεις και υψηλότερους μισθούς. Πρέπει να δώσεις υψηλότερους μισθούς στους εργαζόμενους και έτσι τελικά αυξάνονται και οι μισθοί σε όλη τη χώρα, κάτι το οποίο αποτελεί μία κεντρική δική μας πολιτική επιλογή.",political agenda,employment,other,0.8,0.1,0,[]
17,"That is what we will vote for this coming Sunday. We will vote on the way the welfare state functions and on our health. For me, the reform of the National Health System is a central political priority. It is a personal bet that I want to win, and I will personally supervise the new leadership of the Ministry of Health so that all the major reforms we have launched can be implemented. This includes the modernization of our hospitals and health centers, the 10,000 recruitments that must be made in the health sector, and the policies concerning the Personal Doctor and preventive examinations, which are so important.","Για όλα αυτά, λοιπόν, θα ψηφίσουμε την Κυριακή που μας έρχεται. Θα ψηφίσουμε για τον τρόπο με τον οποίο λειτουργεί το κοινωνικό κράτος, θα ψηφίσουμε για την υγεία μας, γιατί για μένα η αναμόρφωση του Εθνικού Συστήματος Υγείας αποτελεί κεντρική πολιτική προτεραιότητα.Είναι ένα προσωπικό στοίχημα το οποίο θέλω να κερδίσω και θα εποπτεύω προσωπικά τη νέα ηγεσία του Υπουργείου Υγείας, ώστε όλες οι μεγάλες μεταρρυθμίσεις που έχουμε δρομολογήσει να μπορούν να υλοποιηθούν. Από τον εκσυγχρονισμό των νοσοκομείων μας, των Κέντρων Υγείας, τις 10.000 προσλήψεις οι οποίες πρέπει να γίνουν στην υγεία και θα γίνουν από την κυβέρνηση της Νέας Δημοκρατίας, μέχρι τις πολιτικές που αφορούν τον Προσωπικό Γιατρό, τις προληπτικές εξετάσεις, τόσο σημαντικές.",political agenda,health,other,0.5,0,0,"[['sunday', 'date', '1.0'], ['national health system', 'organization', '1.0'], ['ministry of health', 'organization', '1.0'], ['hospitals and health centers', 'location', '0.7'], ['health sector', 'organization', '0.7'], ['personal doctor', 'organization', '0.7']]"
18,"Do you know what it is, let's say, for a woman over 50 who is in a village in Halkidiki to suddenly receive a message from the state saying ""go and have a preventive mammogram in a public or private facility, but free of charge""? And from these screening mammograms, we have identified, to date, more than 8,000 women with early breast cancer. I know that screening tests sometimes cause fear, but it's much better to find the disease early because then we are absolutely certain that we can cure it. That basically means having a comprehensive approach to public health issues. This is the plan that I am asking you for the strength and authority to be able to implement.","Ξέρετε τι είναι -δείτε ας πούμε- για μία γυναίκα άνω των 50 η οποία βρίσκεται σε ένα χωριό της Χαλκιδικής, ξαφνικά να παίρνει ένα μήνυμα από το κράτος το οποίο να της λέει «πήγαινε κάνε μία προληπτική μαστογραφία σε δημόσια ή σε ιδιωτική δομή, αλλά δωρεάν». Και από αυτές τις προληπτικές μαστογραφίες έχουμε εντοπίσει, μέχρι σήμερα σε όλη τη χώρα, παραπάνω από 8.000 γυναίκες με πρώιμο καρκίνο του μαστού.Ξέρω ότι οι προληπτικές εξετάσεις μερικές φορές προκαλούν φόβο. Αλλά είναι πολύ καλύτερα να βρει κανείς την αρρώστια νωρίς, γιατί τότε είμαστε απολύτως βέβαιοι ότι έτσι θα μπορέσουμε να τη θεραπεύσουμε. Αυτό ουσιαστικά σημαίνει να έχουμε μία συνολική προσέγγιση για τα ζητήματα της υγείας, της δημόσιας υγείας. Αυτό το σχέδιο σάς ζητώ τη δύναμη, την εξουσιοδότηση να μπορέσουμε να το υλοποιήσουμε.",political agenda,health,public health system,1,0,0,"[['halkidiki', 'location', '0.9'], ['state', 'organization', '0.6'], ['8', '000 women', 'group of people', '0.8'], ['breast cancer', 'political party', '0.1']]"
19,"That is what we will vote for this coming Sunday. We will vote for our lives, our future, our children's future, and our pensions. Pensions will continue to increase under a New Democracy government. We will have more growth and continue to support all pensioners who have fallen victim to the personal differential and have not seen the expected increases. These are all commitments of New Democracy. To put all of this into practice, we must have a solid parliamentary majority on Sunday night.","Για όλα αυτά, λοιπόν, θα ψηφίσουμε την Κυριακή που μας έρχεται. Θα ψηφίσουμε για τις ζωές μας, για το μέλλον μας, για το μέλλον των παιδιών μας, για τις συντάξεις μας. Για το πώς οι συντάξεις θα εξακολουθούν να αυξάνονται, γιατί θα αυξάνονται οι συντάξεις με κυβέρνηση της Νέας Δημοκρατίας. Γιατί πολύ απλά θα έχουμε μεγαλύτερη ανάπτυξη και θα εξακολουθούμε να στηρίζουμε και όλους τους συνταξιούχους οι οποίοι έπεσαν θύμα της προσωπικής διαφοράς και δεν είδαν τις αυξήσεις που θα περίμεναν.Όλα αυτά αποτελούν δεσμεύσεις της Νέας Δημοκρατίας. Όμως, για να μπορέσουμε να τα κάνουμε όλα αυτά πράξη, πρέπει να έχουμε το βράδυ της Κυριακής μια σταθερή κοινοβουλευτική πλειοψηφία.",political agenda,pensioners,other,0.72,0,0.1,"[['sunday', 'date', '1.0'], ['new democracy', 'political party', '1.0']]"
20,"Because we are likely to have more than five parties in the next Parliament, I ask you to raise our expectations even higher. This way, we can have a stable government with a comfortable parliamentary majority on Sunday night and a four-year horizon. This government can implement all the major changes I have talked to you about and continue to keep the country's ship stable in difficult circumstances.","Επειδή είναι πιθανό στην επόμενη Βουλή να έχουμε περισσότερα των πέντε κομμάτων, γι’ αυτό και σας ζητώ να ανεβάσουμε ακόμα περισσότερο τον πήχη των προσδοκιών μας. Για να έχουμε μία σταθερή κυβέρνηση, με άνετη κοινοβουλευτική πλειοψηφία το βράδυ της Κυριακής, με ορίζοντα τετραετίας, που θα μπορεί και να υλοποιήσει όλες τις μεγάλες αλλαγές για τις οποίες σας έχω μιλήσει, αλλά να εξακολουθεί να κρατεί και σταθερό το σκάφος της χώρας σε δύσκολες συγκυρίες.",political agenda,elections,other,0.8,0,0,"[['parliament', 'organization', '0.85'], ['sunday night', 'date', '0.6'], ['four-year', 'date', '0.6'], ['government', 'organization', '0.5'], ['country', 'location', '0.7']]"
21,"We now have a caretaker government. It is doing the best it can. But if the May 21 elections had been held under the electoral system under which the June 25 elections will be held, I would not be here today as a Prime Ministerial candidate. I would already be the elected Prime Minister of the country. We would now be dealing with how to handle the problems from the unprecedented downpour. I would be here to talk about your problems, not to seek your vote.","Έχουμε τώρα μία υπηρεσιακή κυβέρνηση. Κάνει το καλύτερο το οποίο μπορεί. Όμως εάν οι εκλογές της 21ης Μαΐου είχαν γίνει με το εκλογικό σύστημα με το οποίο θα γίνουν οι εκλογές της 25ης Ιουνίου, εγώ δεν θα ήμουν εδώ σήμερα ως υποψήφιος Πρωθυπουργός, θα ήμουν ήδη εκλεγμένος Πρωθυπουργός της χώρας.Θα ασχολούμασταν τώρα με το πώς θα αντιμετωπίσουμε τα προβλήματα από την πρωτοφανή νεροποντή. Θα ήμουν εδώ για να μιλήσω για τα προβλήματά σας, όχι για να διεκδικήσω την ψήφο σας.",criticism,elections,election spending,0.25,0,0,"[['may 21', 'date', '0.6'], ['june 25', 'date', '0.6'], ['prime ministerial candidate', 'person', '0.7'], ['prime minister', 'person', '0.6'], ['country', 'location', '0.6']]"
22,"So we are losing a month at a cost to the state because every election costs money and causes inconvenience for some people who have to go back to vote. Why? Because of the whim of proportional representation. This is what it's all about. They voted for simple proportional representation only because they thought it would create a problem for New Democracy and result in a ""government of losers"". Finally, they realized that this plan blew up in their hands. It backfired, but it also backfired on the country. So, in order to correct all these wrongs, I ask you from Halkidiki, from Polygyros, to make an extra effort. Let us work to increase our percentage even further. We can.","Χάνουμε, λοιπόν, ένα μήνα, με κόστος για το κράτος, γιατί κάθε εκλογή στοιχίζει, με ταλαιπωρία, γιατί πρέπει κάποιοι άνθρωποι να ξαναπάνε να ψηφίσουν. Γιατί; Για το καπρίτσιο της απλής αναλογικής. Γιατί γι’ αυτό έγιναν όλα αυτά. Γιατί την ψήφισαν την απλή αναλογική μόνο και μόνο γιατί νόμιζαν ότι θα δημιουργήσουν πρόβλημα στη Νέα Δημοκρατία, θα έφτιαχναν κάποια «κυβέρνηση των ηττημένων».Τελικά είδατε ότι αυτό το πράγμα έσκασε στα χέρια τους. Γύρισε μπούμερανγκ, αλλά γύρισε μπούμερανγκ και στη χώρα. Για να διορθώσουμε, λοιπόν, όλα αυτά τα στραβά, σας ζητώ και εδώ από τη Χαλκιδική, από τον Πολύγυρο, να κάνουμε αυτή την πρόσθετη προσπάθεια. Να κοιτάξουμε να αυξήσουμε και άλλο το ποσοστό μας. Μπορούμε.",criticism,elections,election spending,0.1,0,0,"[['halkidiki', 'location', '1.0'], ['polygyros', 'location', '1.0'], ['new democracy', 'political party', '1.0']]"
23,"I am sure that all of you know some of our fellow citizens who, at the last minute, chose not to vote for us. So, I ask you to make this effort and explain to them why it is important that we have a stable government with a four-year horizon tomorrow. This is not the time for experimentation. We cannot take risks at this moment with the future of the country. Only today, the stable government of New Democracy can ensure a future of progress and stability. After all, there is no other proposal for governance.","Είμαι σίγουρος ότι όλοι σας γνωρίζετε στον περίγυρό σας κάποιους συμπολίτες μας που την τελευταία στιγμή επέλεξαν να μην μας ψηφίσουν. Σας ζητώ, λοιπόν, να κάνετε την προσπάθεια αυτή και να τους εξηγήσετε γιατί είναι σημαντικό την επόμενη μέρα να έχουμε μία σταθερή κυβέρνηση με ορίζοντα τετραετίας.Δεν είναι ώρα για πειραματισμούς. Δεν μπορούμε να πάρουμε ρίσκο αυτή τη στιγμή με το μέλλον της χώρας και μόνο σήμερα η σταθερή κυβέρνηση της Νέας Δημοκρατίας μπορεί να εξασφαλίσει μέλλον, προκοπή και σταθερότητα. Διότι στο κάτω-κάτω δεν υπάρχει και καμία άλλη πρόταση διακυβέρνησης.",political agenda,elections,abstention,0.2,0.2,0,"[['1. new democracy', 'organization', '1.0'], ['2. country', 'country', '1.0']]"
24,"Everyone else is competing to see who will be first in opposition. Who will have the penthouse of the center-left apartment building? Except that in elections, we vote for the government, not the opposition. Let them sort this out after the elections. They'll have time after all. They will also have time to reflect on what went wrong, why they fell to 20%. Because when everything was presented as black, everything toxic, ""it's all Mitsotakis' fault."" Everything that was happening in the world was Mitsotakis' fault. Everything was his fault. In any case, let them find their way. It is not our main concern at the moment. Our main concern is how to govern the country, and that is why I am asking you for this strength, for this strong mandate so that we can move the country forward.","Όλοι οι άλλοι διαγκωνίζονται για το ποιος θα είναι πρώτος στην αντιπολίτευση. Ποιος θα έχει το ρετιρέ της κεντροαριστερής πολυκατοικίας. Μόνο που στις εκλογές ψηφίζουμε για κυβέρνηση, όχι για αντιπολίτευση. Ας τα λύσουν αυτά μετά τις εκλογές, θα έχουν,εξάλλου, χρόνο. Θα έχουν και χρόνο να αναλογιστούν τι είναι αυτό το οποίο πήγε στραβά. Γιατί έπεσαν στο 20%. Γιατί όταν όλα τα παρουσίαζαν μαύρα, όλα τοξικά, «για όλα φταίει ο Μητσοτάκης». Ό,τι συνέβαινε στον κόσμο έφταιγε ο Μητσοτάκης. Για τα πάντα έφταιγε. Εν πάση περιπτώσει, ας βρουν και αυτοί το δρόμο τους. Δεν είναι το κύριο μέλημά μας αυτή τη στιγμή.Το κύριο μέλημά μας είναι πώς θα κυβερνηθεί η χώρα και γι’ αυτό σας ζητώ αυτή τη δύναμη, την ισχυρή εντολή για να μπορέσουμε να πάμε τη χώρα μπροστά.",criticism,elections,election spending,,0.2,0,"[['mitsotakis', 'person', '0.9'], ['center-left apartment building', 'group of people', '0.6'], ['government', 'organization', '0.7'], ['country', 'location', '0.8']]"
25,"One last thing, friends. I know very well that the percentage we achieved surprised us and may surprise all of you. It is indeed the first time - since Konstantinos Karamanlis founded New Democracy in 1974 - that we have never been in government and increased our percentages. This is the first time we have achieved this. We will increase them even more in this election. However, the higher the percentage, the heavier the responsibility, and the more unacceptable the manifestation of any arrogance and complacency.","Και κάτι τελευταίο, φίλες και φίλοι. Ξέρω πολύ καλά ότι το ποσοστό το οποίο πετύχαμε μας εξέπληξε και μπορεί να σας εξέπληξε όλους. Γιατί πράγματι είναι η πρώτη φορά -δεν έχει ξαναγίνει αυτό από το 1974, από τότε που ο Κωνσταντίνος Καραμανλής ίδρυσε τη Νέα Δημοκρατία- δεν έχει ξαναγίνει ποτέ να είμαστε στην κυβέρνηση και αυξήσουμε τα ποσοστά μας. Είναι η πρώτη φορά που το πετυχαίνουμε. Θα τα αυξήσουμε και άλλο σε αυτές τις εκλογές. Όμως όσο υψηλότερο το ποσοστό, τόσο πιο βαριά η ευθύνη και τόσο πιο ανεπίτρεπτη είναι η εκδήλωση οποιασδήποτε αλαζονείας και αυταρέσκειας.",political agenda,elections,other,0.5,0,0,"[['konstantinos karamanlis', 'person', '0.8'], ['new democracy', 'political party', '0.9']]"
26,"I want you to know that I will be absolutely adamant about that. The citizens place a heavy responsibility on our shoulders. They are giving us a mandate, and I believe they will give it to us again. They are giving us the mandate to ""Go and change what we don't like. Correct your mistakes, be better."" That trust - one thing I want you to know - we will honor that trust, and I will honor it to the full.","Θέλω να ξέρετε ότι σε αυτό θα είμαι κάθετος. Οι πολίτες μάς εναποθέτουν μια βαριά ευθύνη στις πλάτες μας. Μας δίνουν μια εντολή και πιστεύω θα μας την ξαναδώσουν.Μας δίνουν την εντολή, «πηγαίνετε και αλλάξτε αυτά που δεν μας αρέσουν. Διορθώστε τα λάθη σας, γίνετε καλύτεροι». Αυτήν την εμπιστοσύνη -ένα πράγμα θέλω να ξέρετε- θα την τιμήσουμε και θα την τιμήσω στο ακέραιο.",political agenda,elections,other,0.8,0,0,"[['citizens', 'group of people', '0.8'], ['mandate', 'organization', '0.6'], ['trust', 'organization', '0.3']]"
27,"I will return your love and trust by working even harder starting from June 26th. We will roll up our sleeves, correct mistakes, solve problems, and continue the great effort we started four years ago for a Greece that no longer resembles the Greece of 2019. I guarantee that in four years, we will be talking about a different and much better Greece. I ask for your strength to make this vision a reality and to write our own history together. Be well. Thank you very much. Good strength, good fight, and as we said, we are here for the second term. Thank you very much.","Θα σας επιστρέψω την αγάπη σας και την εμπιστοσύνη σας, δουλεύοντας ακόμα πιο σκληρά από τις 26 Ιουνίου, σηκώνοντας τα μανίκια, διορθώνοντας λάθη, λύνοντας προβλήματα και συνεχίζοντας αυτή τη μεγάλη προσπάθεια που ξεκινήσαμε πριν από τέσσερα χρόνια για μία Ελλάδα, η οποία δεν μοιάζει πια με την Ελλάδα του 2019. Σας εγγυώμαι ότι σε τέσσερα χρόνια από τώρα θα μιλάμε για μία διαφορετική, για μία πολύ καλύτερη Ελλάδα. Σας ζητώ τη δύναμη να κάνουμε πράξη αυτό το όραμα και να γράψουμε μαζί τη δική μας ιστορία.Να είστε καλά. Σας ευχαριστώ πάρα πολύ. Καλή δύναμη, καλό αγώνα και όπως είπαμε, πάμε εδώ για τη δεύτερη έδρα. Ευχαριστώ πολύ.",political agenda,elections,election spending,0.7,0,0,"[['greece', 'location', '1.0'], ['2019', 'date', '1.0'], ['june 26th', 'date', '1.0'], ['thank you', 'person', '1.0']]"