id,text,text_el,is_criticism,is_criticism_corrected,topic-context,topic-context_corrected,subtopic-context,sentiment,polarization-definition,populism-definition,ner-limited
1,"Citizens of Athens, comrades, friends, we are all here once again, present and accounted for in the democratic call to struggle. We are here to defend principles and values, to fight against subversion, and to ensure that the hope of justice, equality, and solidarity in this land is not extinguished. We are here to fight this battle. As the saying goes, it is allowed to fall, but it is imperative to get back up. And we are already on our feet. We are already standing, and we will continue to stand to defend our values, principles, and ideals. This fight is more valuable, more crucial, and more useful than any other fight. We are all present, and even more so, because we have learned to fight when times are tough. We have learned to go against the current and to overturn correlations for the benefit of the forces of the social majority.","Πολίτες της Αθήνας, συντρόφισσες και σύντροφοι, φίλες και φίλοι, είμαστε πάλι όλες και όλοι εδώ, παρούσες και παρόντες στο δημοκρατικό προσκλητήριο του αγώνα. Είμαστε εδώ για να υπερασπιστούμε αρχές και αξίες. Για να δώσουμε τη μάχη της ανατροπής! Για να μην αφήσουμε να σβήσει η ελπίδα της δικαιοσύνης, της ισότητας και της αλληλεγγύης σε αυτόν τον τόπο. Είμαστε εδώ για να δώσουμε τη μάχη. Επιτρέπεται να πέσεις, λέει το ρητό, επιβάλλεται να σηκωθείς. Και είμαστε ήδη όρθιοι. Είμαστε ήδη όρθιοι και θα είμαστε όρθιοι για να υπερασπιστούμε τις αξίες, τις αρχές, τα ιδανικά μας. Να δώσουμε αυτό τον αγώνα που είναι πιο πολύτιμος, πιο κρίσιμος, πιο χρήσιμος από κάθε άλλον αγώνα. Και είμαστε όλες και όλοι παρόντες, και ακόμη περισσότεροι, γιατί έχουμε μάθει να παλεύουμε στα δύσκολα. Και έχουμε μάθει να πηγαίνουμε κόντρα στο ρεύμα και να ανατρέπουμε συσχετισμούς, προς όφελος των δυνάμεων της κοινωνικής πλειοψηφίας.",political agenda,,democracy,elections,other,0.5,0.1,0,"[['citizens of athens', 'group of people', '1.0'], ['democratic', 'organization', '0.5'], ['justice', 'organization', '0.5'], ['equality', 'organization', '0.5'], ['solidarity', 'organization', '0.5'], ['athens', 'location', '1.0']]"
2,"That is what we are doing in this crucial battle, and we will do it with more conviction this time until the polls close on Sunday. We will not let a second go to waste without fighting to get the dilemma and the message across to society - our message and the dilemma of the ballot box. Because on Sunday, the elections will not only decide the winner and the loser, but they will also decide who will govern the country for the next four years and with which programme. They will also decide how social and political resistances will be organized in the next four years and, in short, they will decide the quality of our democracy, the conditions of our lives, and the future of all of us. They will decide what kind of Greece we and our children want to live in. The dilemmas at the ballot box are very tough because this time we are voting again under the enhanced proportional representation system. There are only two alternative plans for power and governance that are being pitted against each other on Sunday - two different plans, two different concepts, two different visions for Greece. Our vision is that of a country and a society of democracy and justice.","Αυτό κάνουμε και σε αυτή την κρίσιμη μάχη. Και αυτό θα κάνουμε με περισσότερο πείσμα τούτη τη φορά, μέχρι να κλείσουν οι κάλπες την Κυριακή. Δεν θα αφήσουμε δευτερόλεπτο να πάει χαμένο, που να μην αγωνιστούμε για να περάσουμε στην κοινωνία το δίλημμα και το μήνυμα, το μήνυμα το δικό μας αλλά και το δίλημμα της κάλπης. Γιατί την Κυριακή οι εκλογές δεν θα κρίνουν μονάχα τον νικητή και τον ηττημένο, θα κρίνουν ποιος και με ποιο πρόγραμμα θα κυβερνήσει τον τόπο τα επόμενα τέσσερα χρόνια. Θα κρίνουν και πώς και με ποια δύναμη θα οργανωθούν οι κοινωνικές και πολιτικές αντιστάσεις, τα επόμενα τέσσερα χρόνια. Άρα, με δυο λόγια, θα κρίνουν την ποιότητα της Δημοκρατίας μας, τις συνθήκες της ζωής μας, το μέλλον όλων μας. Θα κρίνουν σε ποια Ελλάδα θέλουμε να ζήσουμε, εμείς και τα παιδιά μας. Και τα διλήμματα της κάλπης είναι πολύ σκληρά, γιατί αυτή τη φορά ψηφίζουμε ξανά με το σύστημα ενισχυμένης αναλογικής. Και δύο μόνο είναι τα εναλλακτικά σχέδια εξουσίας και διακυβέρνησης που αναμετρώνται τη Κυριακή, δυο διαφορετικά σχέδια, δύο διαφορετικές αντιλήψεις, δύο διαφορετικά οράματα για την Ελλάδα. Το δικό μας όραμα είναι αυτό μιας χώρας και μιας κοινωνίας δημοκρατίας και δικαιοσύνης. ",political agenda,,elections,,other,0.7,0.2,0,"[['sunday', 'date', '1.0'], ['greece', 'country', '1.0']]"
3,A country and a society with fewer inequalities. A country and an economy where the produced wealth is increased and shared fairly and equitably among citizens.,Μιας χώρας και μιας κοινωνίας με λιγότερες ανισότητες. Μιας χώρας και μιας οικονομίας όπου ο παραγόμενος πλούτος θα αυξάνεται και θα διαμοιράζεται δίκαια και ισότιμα μεταξύ των πολιτών.,political agenda,,economy,,economic equity,0.5,0,0,[]
4,"A country where its citizens will not die in the back of a pickup truck because there will be no ambulance. A country of humanity that will take care of all its people, regardless of their economic means.","Μιας χώρας όπου οι πολίτες της δεν θα πεθαίνουν στην καρότσα ενός αγροτικού αυτοκινήτου, γιατί δεν θα υπάρχει ασθενοφόρο. Μιας χώρας ανθρωπιάς που θα φροντίζει όλους τους ανθρώπους της, ανεξαρτήτως της οικονομικής τους δυνατότητας.",political agenda,,health,,public welfare,0.8,0,0,[]
5,"A country where every citizen will have equal opportunities with the rest. A country and society with strong institutions, anchored democracy, and a strong welfare state.","Μιας χώρας που κάθε πολίτης θα έχει μπροστά του ίσες ευκαιρίες με τους υπόλοιπους. Μιας χώρας και μιας κοινωνίας με ισχυρούς θεσμούς, εμπεδωμένη Δημοκρατία, ισχυρό κοινωνικό κράτος. ",political agenda,,social state,,other,0.5,0,0,[]
6,"With workers who will be paid better for their work, in conditions of security and dignity.","Με εργαζόμενους και εργαζόμενες που θα αμείβονται καλύτερα για τη δουλειά τους, σε συνθήκες ασφάλειας και αξιοπρέπειας. ",political agenda,,employment,,wages,0.6,0,0,[]
7,"Small and medium-sized entrepreneurs should not be taxed to enrich the oligarchy, but should share the burden equally and proportionally.","Όπου οι μικρομεσαίοι επιχειρηματίες δεν θα φορολεηλατούνται για να πλουτίζει η ολιγαρχία, αλλά θα συμμετέχουν ισότιμα και αναλογικά στα βάρη.",political agenda,,other,entrepreneurship,tax cuts,-0.2,0,0.2,[]
8,"A young couple will be able to have children whenever they want, because they will have support from the state to live in an affordable home, work for decent wages, and send their children to public daycare.","Όπου ένα νέο ζευγάρι θα μπορεί να αποκτήσει παιδιά όποτε το επιθυμεί, γιατί θα έχει στήριξη από την πολιτεία να μείνει σε προσιτό οικονομικά σπίτι, να δουλέψει με αξιοπρεπείς μισθούς, να στείλει σε δημόσιους βρεφικούς σταθμούς τα παιδιά του.",political agenda,,housing,social state,affordable housing,0.75,0,0,"[['state', 'organization', '0.8'], ['public daycare', 'organization', '0.7']]"
9,"Where a young farmer can stay in the countryside, with the tools and support to earn a decent income.","Όπου ένας νέος αγρότης θα μπορεί να μείνει στην ύπαιθρο, με εφόδια και στήριξη για να έχει ένα αξιοπρεπές εισόδημα.",political agenda,,agricultural policy,,employment,0.6,0,0,[]
10,"A person with a disability can live, work, play, and have fun like any other person.","Όπου ένας άνθρωπος με αναπηρία θα ζει, θα εργάζεται, θα ψυχαγωγείται και θα διασκεδάζει όπως κάθε άλλος άνθρωπος.",political agenda,,other,human rights,other,1,0,0,"[['disability', 'group of people', '0.7'], ['person', 'person', '1.0']]"
11,"A country where the horizons of each and every person are not determined at birth, whether they are born rich or poor, in the center or in the periphery. But the horizons will be open to all and will be shaped according to the needs and efforts of each and every individual. This is our vision for our country. For a Greece with a just society and prosperity for all. And we can put this vision into practice with a realistic and radical program that puts people, work, and social protection at the center. This is our vision and our program.","Μιας χώρας που οι ορίζοντες του καθενός και της καθεμιάς δεν θα καθορίζονται κατά τη γέννηση του, από το αν γεννήθηκε πλούσιος ή φτωχός, στο Κέντρο ή στη Περιφέρεια. Αλλά θα είναι για όλους ανοιχτοί οι ορίζοντες και θα διαμορφώνονται ανάλογα με τις ανάγκες και με τη προσπάθειά του καθενός και της καθεμιάς. Αυτό είναι το δικό μας όραμα για τη πατρίδα μας. Για μια Ελλάδα με δίκαιη κοινωνία και με ευημερία για όλους. Και αυτό το όραμα μπορούμε να το κάνουμε πράξη με ένα πρόγραμμα ρεαλιστικό και ριζοσπαστικό, που θέτει στο επίκεντρο τον άνθρωπο, την εργασία και την κοινωνική προστασία. Αυτό είναι το δικό μας όραμα και πρόγραμμα.",political agenda,,social state,,economic equity,0.8,0,0.2,"[['greece', 'country', '1.0']]"
12,"On the other hand, we have a plan - the plan of our political opponents - which prioritizes profits and celebrates the market. It wants the role of the state to be increasingly reduced, counting profits and losses more than human lives. It is a plan and program that wants growth to come through tax breaks for the powerful and a permanent reduction in labor costs - from the withdrawal of the state from critical areas of social and economic life to make room for speculative funds. They believe that when the powerful and the funds increase their profits, growth will supposedly come. However, this growth has never come anywhere where these neoliberal ideas have been applied. It is cheap, non-inclusive growth that respects neither the environment nor workers, nor natural nor human resources. This unsustainable growth is doomed to decline and reproduce crises, social tensions, and a terrifying widening of inequalities.","Από την άλλη μεριά, έχουμε ένα σχέδιο, αυτό των πολιτικών μας αντιπάλων, που βάζει σε προτεραιότητα τα κέρδη και που αποθεώνει την αγορά. Που θέλει ολοένα και συρρικνωμένο τον ρόλο του κράτους. Που υπολογίζει περισσότερο κέρδη και ζημιές, παρά τις ανθρώπινες ζωές. Ένα σχέδιο και ένα πρόγραμμα που θέλει την ανάπτυξη να έρχεται μέσα από τις φοροαπαλλαγές στους ισχυρούς και τη μείωση τη διαρκή του εργασιακού κόστους. Από την απόσυρση του Δημοσίου από κρίσιμους τομείς της κοινωνικής και οικονομικής ζωής, ώστε να δοθεί χώρος στα κερδοσκοπικά funds. Γιατί πιστεύουν ότι όταν οι ισχυροί και τα funds αυξάνουν τα κέρδη τους, τότε θα έρθει, τάχα, η ανάπτυξη. Μόνο που αυτή η ανάπτυξη δεν ήρθε ποτέ και πουθενά όπου εφαρμόστηκαν αυτές οι ιδέες, οι νεοφιλελεύθερες ιδέες. Η φτηνή, η μη συμπεριληπτική ανάπτυξη. Η ανάπτυξη που δεν σέβεται ούτε το περιβάλλον ούτε τους εργαζόμενους, ούτε τους φυσικούς ούτε τους ανθρώπινους πόρους, είναι μια ανάπτυξη μη βιώσιμη, καταδικασμένη να φθίνει και να αναπαράγει κρίσεις, κοινωνικές εντάσεις και τρομακτική διεύρυνση των ανισοτήτων.",criticism,,economy,,other,-0.9,0.9,0.2,"[['political opponents', 'group of people', '0.85'], ['state', 'organization', '0.7'], ['environment', 'location', '0.6'], ['workers', 'group of people', '0.8'], ['neoliberal ideas', 'political party', '0.7']]"
13,"Our political opponents are trying to hide these aspects of their plan and program from the electoral debate. They announce commitments that they will not implement while hiding others that they aim to implement. The real government program of New Democracy is the one that Mitsotakis submitted to Brussels as the Stability Program just two months ago. Therefore, this program, the true program of our opponents, does not include any of his election promises. Mr. Mitsotakis's election announcements are a fraud, a sham.","Οι πολιτικοί μας αντίπαλοι προσπαθούν να κρύψουν αυτές τις πτυχές του σχεδίου και του προγράμματός τους από τη προεκλογική αντιπαράθεση. Και εξαγγέλλουν δεσμεύσεις που δεν θα υλοποιήσουν, ενώ κρύβουν άλλες που στοχεύουν να υλοποιήσουν. Γιατί το αληθινό κυβερνητικό πρόγραμμα της Νέας Δημοκρατίας είναι αυτό που πριν από δύο μόλις μήνες κατέθεσε ο κ. Μητσοτάκης στις Βρυξέλλες ως Πρόγραμμα Σταθερότητας. Σε αυτό λοιπόν το πρόγραμμα, το αληθινό πρόγραμμα των αντιπάλων μας, δεν εντάσσεται καμία από τις προεκλογικές του εξαγγελίες. Είναι μια απάτη, αέρας κοπανιστός οι προεκλογικές εξαγγελίες του κ. Μητσοτάκη. ",criticism,,elections,,other,-0.9,0.2,0.2,"[['new democracy', 'organization', '0.8'], ['mitsotakis', 'person', '0.7'], ['brussels', 'location', '0.6']]"
14,"On the contrary, however, in their actual program submitted to Brussels, they foresee reductions in public spending on hospitals, schools, and civil servant salaries.","Αντιθέτως όμως, στο πραγματικό τους πρόγραμμα που κατέθεσαν στις Βρυξέλλες, προβλέπονται μειώσεις στις δαπάνες του Δημοσίου για τα νοσοκομεία, για τα σχολεία, για το μισθολόγιο των δημοσίων υπαλλήλων. ",criticism,,public sector,,other,-0.8,0.1,0,"[['brussels', 'location', '1.0'], ['hospitals', 'organization', '0.6'], ['schools', 'organization', '1.0'], ['civil servant salaries', 'organization', '0.8']]"
15,"There is no real increase in the average wage despite the lies about a 25% increase. There are no new recruitments in the NHS and the public sector, only replacements for those who will retire.","Δεν προβλέπεται πραγματική αύξηση του μέσου μισθού, παρά τα ψέματα που λένε για αύξηση 25%. Δεν προβλέπονται νέες προσλήψεις στο ΕΣΥ και στο Δημόσιο, παρά μονάχα αντικαταστάσεις για όσους θα συνταξιοδοτούνται.",criticism,,employment,,wages,-0.8,0.2,0,"[['nhs', 'organization', '1.0']]"
16,"In short, citizens of Athens and friends, the real program of New Democracy foresees a reduction in the purchasing power of public sector employees and stagnation in the purchasing power of private sector employees.","Με δυο λόγια, πολίτες της Αθήνας, φίλες και φίλοι, το πραγματικό πρόγραμμα της Νέας Δημοκρατίας προβλέπει μείωση της αγοραστικής δύναμης των μισθωτών του δημοσίου και στασιμότητα της αγοραστικής δύναμης των μισθωτών του ιδιωτικού τομέα. ",criticism,,employment,,cost of living,-0.7,0,0,"[['athens', 'location', '0.92'], ['new democracy', 'political party', '0.95.']]"
17,"It foresees a further shrinkage of the welfare state and, in particular, a shrinkage of the NHS. That is why their MP, Mr Pneumatikos, has unwittingly revealed that the NHS will even be screening patients. Because the NHS will no longer have the expenditure or staff to meet the needs of citizens, and expensive treatments will be administered on the basis of patients' life expectancy. Anyone who does not have a life expectancy will not get an expensive treatment. He will go, if he can afford it, to private hospitals. And if he doesn't have money, he won't get treatment. But this cynical ideology, which measures everything in terms of cost and damage, especially when it comes to human lives, is leading us to a society of barbarism. And this is our fundamental difference with the New Democracy of Mr Mitsotakis. That is our fundamental difference. As the motto of our young people, the young people of Syriza, says, 'they talk about costs and damage, we talk about human lives?' That is our difference.","Προβλέπει περαιτέρω συρρίκνωση του κοινωνικού κράτους και, ιδιαίτερα, συρρίκνωση του ΕΣΥ. Γι’ αυτό και ο κ. Πνευματικός, ο βουλευτής τους, φανέρωσε άθελά του ότι στο ΕΣΥ θα γίνεται ακόμα και διαλογή ασθενών. Γιατί το ΕΣΥ δεν θα έχει πια δαπάνες ούτε προσωπικό για να μπορέσει να ανταποκριθεί στις ανάγκες των πολιτών. Και τις ακριβές θεραπείες θα τις χορηγούν με βάση το προσδόκιμο ζωής των ασθενών. Όποιος δεν έχει προσδόκιμο δεν θα παίρνει μια ακριβή θεραπεία. Θα πηγαίνει, αν έχει χρήματα, στα ιδιωτικά νοσηλευτήρια. Και αν δεν έχει χρήματα, δεν θα έχει θεραπεία. Αυτή η ιδεολογία όμως η κυνική, που μετράει τα πάντα σε κόστη και ζημιές, ιδίως όταν πρόκειται για ανθρώπινες ζωές, μας οδηγεί σε μια κοινωνία βαρβαρότητας. Και αυτή είναι η θεμελιώδης διαφορά μας με τη Νέα Δημοκρατία του κ. Μητσοτάκη. Αυτή είναι η θεμελιώδης διαφορά μας. Όπως λέει το σύνθημα των νέων μας, των νέων του ΣΥΡΙΖΑ, «αυτοί μιλάνε για κόστη και ζημιές, εμείς μιλάμε για ανθρώπινες ζωές;». Αυτή είναι η διαφορά μας.",criticism,,social state,health,other,-0.8,0.2,0.2,"[['mr pneumatikos', 'person', '0.7'], ['nhs', 'organization', '0.9'], ['citizens', 'group of people', '0.5'], ['private hospitals', 'organization', '0.8'], ['syriza', 'political party', '0.7'], ['new democracy', 'political party', '0.8'], ['greece', 'country', '0.5']]"
18,"We citizens of Athens, my friends, have chosen sides in the dilemma of ""humanity or barbarism"". We are on the side of humanity and will remain so, no matter what. We stand with humanity, not with barbarism, because human life is valuable to us. We do not consider color, religion, ethnicity, or economic ability when defending human life, as we are all different but equal in this world. Therefore, we do not and will never account for political costs when defending our values of human life.","Εμείς, πολίτες της Αθήνας, φίλε και φίλοι, στο δίλημμα “ανθρωπιά ή βαρβαρότητα”, έχουμε επιλέξει πλευρά. Είμαστε με την ανθρωπιά. Και θα είμαστε, ό,τι και να γίνει. Είμαστε με την ανθρωπιά και όχι με τη βαρβαρότητα. Γιατί για εμάς η ανθρώπινη ζωή είναι αυταξία. Και δεν λογαριάζουμε χρώμα, ούτε θρησκεία, ούτε εθνικότητα, ούτε οικονομική δυνατότητα, όταν είναι να υπερασπιστούμε την ανθρώπινη ζωή. Γιατί όλοι είμαστε σ’ αυτό τον κόσμο διαφορετικοί, αλλά όλοι είμαστε ίσοι. Γι’ αυτό και δεν λογαριάσαμε, ούτε θα λογαριάσουμε ποτέ το πολιτικό κόστος όταν είναι να υπερασπιστούμε τις αξίες μας για την ανθρώπινη ζωή. ",political agenda,,human rights,,other,1,0.1,0,"[['athens', 'location', '1.0'], ['humanity', 'group of people', '1.0'], ['barbarism', 'group of people', '1.0'], ['human', 'group of people', '1.0'], ['color', 'group of people', '0.8'], ['religion', 'group of people', '0.8'], ['ethnicity', 'group of people', '0.8'], ['economic ability', 'group of people', '0.8'], ['political', 'organization', '1.0']]"
19,"This is what we did last week during the tragic shipwreck in Pylos, the deadliest shipwreck in the history of our country. Wherever we were told, we remembered what we were told: ""Don't speak, don't ask, don't breathe!"" Why? Because they were not rich, they were oppressed. Because they were not Greeks, they were not even tourists, they were refugees. That's what they told us last week: ""Don't talk, don't ask, don't breathe."" And we answered them: We have an obligation towards our values and our culture to both speak and ask questions because we serve these values. We served them when we made this country synonymous with humanity when it faced the biggest refugee crisis Europe has faced since World War II. We are proud of that. We are proud to be here to defend values. We made this country synonymous with humanity, and we will not allow some people today to make it synonymous with barbarism. Greece will remain synonymous with humanity.","Αυτό κάναμε και την προηγούμενη εβδομάδα, στο τραγικό ναυάγιο της Πύλου, στο πιο πολύνεκρο ναυάγιο που έχει γίνει στην ιστορία του τόπου μας. Όπου μας είπανε, θυμάστε τι μας είπανε: Μη μιλάτε, μη ρωτάτε, μην αναπνέετε! Γιατί; Γιατί δεν ήταν πλούσιοι, ήταν κατατρεγμένοι. Γιατί δεν ήταν Έλληνες, δεν ήταν καν τουρίστες, ήταν πρόσφυγες. Αυτά μας είπαν την προηγούμενη εβδομάδα: Μη μιλάτε, μη ρωτάτε, μην αναπνέετε. Και τους απαντήσαμε: Έχουμε υποχρέωση απέναντι στις αξίες και στον πολιτισμό μας και να μιλάμε και να ρωτάμε. Γιατί εμείς αυτές τις αξίες υπηρετούμε. Και αυτές υπηρετήσαμε όταν κάναμε τη χώρα συνώνυμο της ανθρωπιάς, όταν ήταν αντιμέτωπη με τη μεγαλύτερη προσφυγική κρίση που έχει αντιμετωπίσει η Ευρώπη μετά τον Β’ Παγκόσμιο Πόλεμο. Και είμαστε περήφανοι γι' αυτό. Είμαστε περήφανοι που είμαστε εδώ να υπερασπιζόμαστε αξίες. Κάναμε τη χώρα συνώνυμο της ανθρωπιάς και δεν θα επιτρέψουμε σήμερα κάποιοι να την κάνουν συνώνυμο της βαρβαρότητας. Η Ελλάδα θα παραμείνει συνώνυμο της ανθρωπιάς.",political agenda,,migration,,other,0.7,0,0,"[['pylos', 'location', 'high'], ['greeks', 'group of people', 'medium'], ['tourists', 'group of people', 'medium'], ['refugees', 'group of people', 'high'], ['greece', 'country', 'high'], ['europe', 'location', 'medium'], ['world war ii', 'date', 'medium']]"
20,"Citizens of Athens, friends, our differences with our political opponents - because for us there is only one political opponent, we are the backbone, the pillar of the progressive party of the country - and our opponent will always be the Right, the New Democracy of Mr Mitsotakis. Our differences with our political opponents are above all value-based, but they are also reflected in every aspect of social and economic life: in labor relations, the eight-hour working day, labor rights, health, education, energy, water, and primary housing. We want health, education, electricity, and water as public goods. They want - they said it, they did not hide it, they said it in their conceit and arrogance - 180 MPs to change the Constitution. Why do they not tell us exactly what they want to change in this Constitution? Do they want to establish health, education, electricity, and water as areas of speculation? We will be here, stronger than ever, to stop them!","Πολίτες της Αθήνας, φίλες και φίλοι, οι διαφορές μας με τον πολιτικό μας αντίπαλο - γιατί για μας ένας είναι ο πολιτικός αντίπαλος, είμαστε ο κορμός, ο πυλώνας της προοδευτικής παράταξης του τόπου. Και πάντοτε αντίπαλό μας θα έχουμε τη Δεξιά, τη Νέα Δημοκρατία του κ. Μητσοτάκη. Οι διαφορές μας με τον πολιτικό μας αντίπαλο είναι πάνω από όλα αξιακές. Αλλά αποτυπώνονται και σε κάθε όψη της κοινωνικής και οικονομικής ζωής: Στις εργασιακές σχέσεις, το οκτάωρο, τα εργασιακά δικαιώματα, στην Υγεία, την Παιδεία, την Ενέργεια, το νερό, την πρώτη κατοικία. Εμείς θέλουμε Υγεία, Παιδεία, ρεύμα και νερό, δημόσια αγαθά. Αυτοί θέλουν, το είπαν, δεν το κρύψανε, το είπαν μέσα στην έπαρση και την αλαζονεία τους, 180 βουλευτές για να αλλάξουν το Σύνταγμα. Γιατί δεν μας λένε τι ακριβώς θέλουν να αλλάξουν σ’ αυτό το Σύνταγμα; Θέλουν να κατοχυρώσουν ως πεδία κερδοσκοπίας και την Υγεία και την Παιδεία και το ρεύμα και το νερό; Θα είμαστε εδώ, πιο δυνατοί από ποτέ, να τους εμποδίσουμε!",criticism,,other,privatization,other,0.2,0.75,0.1,"[['citizens of athens', 'location', '0.9'], ['progressive party', 'organization', '0.8'], ['right', 'political party', '0.9'], ['new democracy', 'organization', '0.8'], ['mr mitsotakis', 'person', '0.7'], ['labor relations', 'group of people', '0.5'], ['labor rights', 'group of people', '0.5'], ['health', 'group of people', '0.5'], ['education', 'group of people', '0.5'], ['energy', 'group of people', '0.5'], ['water', 'group of people', '0.5'], ['constitution', 'date', '0.5'], ['mps', 'group of people', '0.5']]"
21,"We friends consider the protection of labor a necessary condition not only for justice but also for inclusive growth, growth that benefits everyone, not just the few and the powerful. They see labor as a cost that must be further reduced.","Εμείς, φίλες και φίλοι, θεωρούμε την προστασία της εργασίας ως απαραίτητη προϋπόθεση όχι μόνο της δικαιοσύνης αλλά και της συμπεριληπτικής ανάπτυξης, της ανάπτυξης που θα έχει όφελος για όλους, όχι μόνο για λίγους και ισχυρούς. Αυτοί βλέπουν την εργασία ως ένα κόστος που πρέπει να μειωθεί κι άλλο.",criticism,political agenda,other,employment,workers' rights,,0.2,0,"[['we', 'group of people', '0.8'], ['friends', 'group of people', '1.0'], ['justice', 'organization', '0.4'], ['inclusive growth', 'organization', '0.4'], ['everyone', 'group of people', '0.5'], ['few', 'group of people', '0.3'], ['powerful', 'group of people', '0.3.']]"
22,We have set a national goal for the next four years: for our country to stop deviating from the average of the European Union countries in terms of per capita income.,"Εμείς θέτουμε ως εθνικό στόχο την επόμενη τετραετία αλλά και τα επόμενα χρόνια της τετραετίας, η πατρίδα μας να σταματήσει τη πορεία απόκλισης από τον μέσο όρο των χωρών της Ευρωπαϊκής Ένωσης, σε ό,τι αφορά το κατά κεφαλήν εισόδημα. ",political agenda,,economy,,economic equity,,0,0,"[['european union', 'organization', '0.9'], ['country', 'location', '0.7'], ['four years', 'date', '0.6'], ['per capita income', 'group of people', '0.4']]"
23,"Because, yes, we stayed in Europe and we are the ones who defied the political cost and did our duty to society and our country. We have unburdened this country by washing the dirty laundry of the entire post-independence period. Sins that belonged to others were washed away by us! We took the country out of the memoranda, we regulated the public debt! We left 40 billion in the public coffers! Yes, we fought the battle with the Troika and the lenders, but we exploited every crack in the negotiation for the benefit of the public interest. We put 2.5 million uninsured people on the NHS. We raised the minimum wage! We reinstated the minimum wage. We brought back collective bargaining. We are proud of what we have achieved in the face of incredible difficulties. Yes, we stayed in Europe. But now it is time to become Europe. It is not enough that we have stayed, we have to become.","Γιατί, ναι, μείναμε Ευρώπη και είμαστε εμείς αυτοί που αψηφήσαμε το πολιτικό κόστος και κάναμε το χρέος μας απέναντι στην κοινωνία και απέναντι στην πατρίδα. Που ξελασπώσαμε τούτη τη χώρα, ξεπλένοντας τα άπλυτα ολάκερης της Μεταπολίτευσης. Αμαρτίες που ανήκαν σε άλλους ξεπλύναμε εμείς! Βγάλαμε τη χώρα από τα μνημόνια, ρυθμίσαμε το δημόσιο χρέος! Αφήσαμε 40 δισεκατομμύρια στα δημόσια ταμεία! Ναι, δώσαμε τη μάχη με την τρόικα και τους δανειστές, αλλά αξιοποιήσαμε κάθε χαραμάδα στη διαπραγμάτευση προς όφελος του δημόσιου συμφέροντος. Βάλαμε 2,5 εκατομμύρια ανασφάλιστους στο ΕΣΥ. Αυξήσαμε τον κατώτατο μισθό! Καταργήσαμε τον υποκατώτατο. Επαναφέραμε τις συλλογικές διαπραγματεύσεις. Είμαστε περήφανοι για ό,τι πετύχαμε μέσα σε απίστευτες δυσκολίες. Ναι, λοιπόν, μείναμε Ευρώπη. Αλλά τώρα ήρθε η ώρα και να γίνουμε Ευρώπη. Δεν αρκεί που μείναμε, πρέπει και να γίνουμε.",political agenda,,europe,,troika,0.8,0.2,0.2,"[['europe', 'location', '1.0'], ['troika', 'organization', '1.0'], ['nhs', 'organization', '0.8'], ['europe', 'country', '0.7'], ['40 billion', 'date', '0.6'], ['post-independence period', 'date', '0.5'], ['2.5 million', 'group of people', '0.5'], ['public interest', 'organization', '0.4'], ['minimum wage', 'organization', '0.4'], ['collective bargaining', 'organization', '0.3']]"
24,"We should be concerned because the country's per capita income has fallen by 18 percentage points since the crisis began. This situation is not only reflected in the numbers but also in people's lives, especially young people who face daily difficulties in making ends meet due to poverty, high rents, and worsening working conditions. Our divergence from the European average is evident as one in four citizens is currently at risk of poverty.","Να γίνουμε, γιατί το κατά κεφαλήν εισόδημα της χώρας έπεσε 18 ποσοστιαίες μονάδες από τότε που ξεκίνησε η κρίση. Κι η κατάσταση αυτή δεν αποτυπώνεται απλώς στους αριθμούς. Αποτυπώνεται στη ζωή των ανθρώπων, στην καθημερινότητα των συμπολιτών μας, στους περιορισμούς των οριζόντων πολλών ανθρώπων, ειδικά των νέων ανθρώπων, εξαιτίας της καθημερινής δυσκολίας να τα βγάλουν πέρα. Εξαιτίας της ακρίβειας, εξαιτίας των υψηλών ενοικίων, εξαιτίας των δύσκολων εργασιακών συνθηκών, που ολοένα και χειροτερεύουν. Η απόκλισή μας από τον μέσο ευρωπαϊκό όρο, αποτυπώνεται στο γεγονός πως ένας στους τέσσερις πολίτες σήμερα βρίσκεται σε κίνδυνο φτώχειας.",political agenda,,economy,,poverty,-0.8,0,0,"[['none', 'as there are no named entities in the provided text.']]"
25,"It is reflected in crime, the dismal picture, and the collapse of the NHS today, which was left without any support during the pandemic. Our country has the worst rates of loss of life in proportion to our population in the whole of Europe. We are competing with countries of the former Eastern Bloc, Bulgaria, and Romania, both in terms of per capita income and loss of human lives due to the pandemic.","Αποτυπώνεται στο έγκλημα, στη άθλια εικόνα, στην κατάρρευση σήμερα του ΕΣΥ, που αφέθηκε χωρίς καμία στήριξη την περίοδο της πανδημίας. Και είναι η χώρα μας αυτή με τους χειρότερους δείκτες σε απώλειες συνανθρώπων μας, αναλογικά με τον πληθυσμό μας, σε ολόκληρη την Ευρώπη. Συναγωνιζόμαστε, τόσο στο κατά κεφαλήν εισόδημα όσο και στις απώλειες ανθρώπινων ζωών από την πανδημία, με χώρες του πρώην Ανατολικού Μπλοκ, με τη Βουλγαρία και τη Ρουμανία. ",criticism,,pandemic,,public health system,-0.9,0,0,"[['nhs', 'organization', '0.95'], ['europe', 'location', '0.9'], ['eastern bloc', 'group of people', '0.7'], ['bulgaria', 'country', '0.9'], ['romania', 'country', '0.9'], ['pandemic', 'date', '0.5']]"
26,"Well, if we want to become Europe, it's not enough to stay where we are. We need to reverse Greece's divergence from the core of European countries. This requires a new national plan to support social infrastructure and strong strategic public and private investment strategies. The programme of SYRIZA - Progressive Alliance is precisely this plan. It has at its core the utilization of human potential, modernity, and social justice. It advocates a new model of economic development that respects the environment and the natural resources of our country, makes room for innovation and knowledge, and promotes the fair distribution of resources while reducing inequalities. It supports the needs of society, wage labor, small and medium-sized enterprises, farmers, stockbreeders, and young people, while closing the door to the logic of state-led entrepreneurship.","Λοιπόν, αν θέλουμε να γίνουμε Ευρώπη, δεν αρκεί που μείναμε, πρέπει να αντιστραφεί αυτή η πορεία απόκλισης της Ελλάδας από τον πυρήνα των ευρωπαϊκών χωρών. Και γι' αυτό απαιτείται ένα νέο εθνικό σχέδιο στήριξης των κοινωνικών υποδομών και ισχυρών στρατηγικών δημόσιων και ιδιωτικών επενδύσεων. Και αυτό το σχέδιο, ακριβώς αυτό το σχέδιο, είναι το πρόγραμμα του ΣΥΡΙΖΑ-Προοδευτική Συμμαχία. Ένα πρόγραμμα κι ένα σχέδιο που έχει στον πυρήνα του την αξιοποίηση του ανθρώπινου δυναμικού, τη νεωτερικότητα, την κοινωνική δικαιοσύνη. Που προτάσσει ένα νέο μοντέλο οικονομικής ανάπτυξης, με σεβασμό στο περιβάλλον και τους φυσικούς πόρους της πατρίδας μας, δίνοντας χώρο στην καινοτομία, τη γνώση, τη δίκαιη κατανομή των πόρων, τον περιορισμό των ανισοτήτων. Στηρίζοντας τις ανάγκες της κοινωνίας, της μισθωτής εργασίας, της μικρομεσαίας επιχειρηματικότητας, των αγροτών, των κτηνοτρόφων, των νέων ανθρώπων και κλείνοντας την πόρτα στην λογική της κρατικοδίαιτης επιχειρηματικότητας. ",political agenda,,economy,,other,0.3,0.1,0,"[['greece', 'location', '0.9'], ['europe', 'location', '0.9'], ['syriza - progressive alliance', 'political party', '0.9'], ['social infrastructure', 'organization', '0.7'], ['public investment strategies', 'organization', '0.6'], ['private investment strategies', 'organization', '0.6'], ['wage labor', 'group of people', '0.6'], ['small and medium-sized enterprises', 'organization', '0.6'], ['farmers', 'group of people', '0.6'], ['stockbreeders', 'group of people', '0.6'], ['young people', 'group of people', '0.6'], ['state-led entrepreneurship', 'organization', '0.6']]"
27,"Of the first 600 million euros of loans from the Recovery Fund, not a single euro was given to small and medium-sized enterprises for healthy entrepreneurship. It all went to ten strong, big businesses that have access to lending, so they can borrow at a cheaper rate. This is not the future of sustainable and fair development in the country. Instead, it is closing the door on the logic that investment is about taking over operating businesses and also privatization. These are not strategic investments that leave a productive footprint.","Από τα 600 πρώτα εκατομμύρια δανεισμού του Ταμείου Ανάκαμψης, δεν πήρε ούτε ένα ευρώ η μικρομεσαία επιχείρηση, η υγιής επιχειρηματικότητα. Όλα πήγαν σε δέκα ισχυρές, μεγάλες επιχειρήσεις που έχουν πρόσβαση στον δανεισμό, για να μπορέσουν να δανειστούν φθηνότερα. Δεν είναι αυτό το μέλλον μιας βιώσιμης και δίκαιης ανάπτυξης στον τόπο. Κλείνοντας όμως την πόρτα και στη λογική ότι επενδύσεις είναι οι εξαγορές επιχειρήσεων που λειτουργούν αλλά και οι ιδιωτικοποιήσεις. Δεν είναι αυτές στρατηγικές επενδύσεις που αφήνουν παραγωγικό αποτύπωμα.",criticism,,economy,entrepreneurship,other,-0.8,0.1,0.1,"[['recovery fund', 'organization', '1.0'], ['small and medium-sized enterprises', 'group of people', '1.0'], ['big businesses', 'group of people', '0.8'], ['lending', 'organization', '0.6'], ['country', 'location', '1.0'], ['privatization', 'organization', '0.6'], ['strategic investments', 'organization', '0.6'], ['productive footprint', 'organization', '0.6']]"
28,"We have a program that calls for a different productive model, one that is fair, inclusive, and sustainable. The program advocates for addressing poverty by strengthening incomes, including an immediate increase of the minimum wage to 880 euros and the introduction of annual indexation. Additionally, civil servants who have not seen an increase in 14 years should receive a 10% salary increase.","Εμείς λοιπόν έχουμε ένα πρόγραμμα το οποίο ζητά ένα άλλο παραγωγικό μοντέλο, μια δίκαιη, συμπεριληπτική και βιώσιμη ανάπτυξη. Ένα πρόγραμμα που προτάσσει την αντιμετώπιση της ακρίβειας με την ενίσχυση των εισοδημάτων. Την αύξηση του κατώτατου μισθού στα 880 ευρώ άμεσα, και τη θέσπιση της ετήσιας τιμαριθμικής αναπροσαρμογής. Την αύξηση κατά 10% στους μισθούς των δημοσίων υπαλλήλων, που έχουν να δουν αύξηση 14 χρόνια.",political agenda,,employment,,other,0.8,0,0,"[['program', 'organization', '0.6'], ['minimum wage', 'group of people', '1.0'], ['civil servants', 'group of people', '1.0'], ['salary increase', 'group of people', '0.6'], ['euros', 'currency', '1.0']]"
29,"The return of the 13th pension, the payment of retroactive pension to pensioners, and the reason why Justice decided to grant a 7.5% increase to all pensioners, including those with personal differences.","Την επιστροφή της 13ης σύνταξης, την καταβολή των αναδρομικών των συνταξιούχων, γιατί αποφάσισε η Δικαιοσύνη την απόδοση της αύξησης του 7,5% σε όλους τους συνταξιούχους και σε όσους έχουν την προσωπική διαφορά.",political agenda,,other,pensioners,pensions,,0,0,"[['justice', 'organization', '0.5'], ['7.5%', 'date', '0.5']]"
30,"A program that advocates for the reduction of indirect taxes, including VAT on foodstuffs and excise duty on fuel.","Ένα πρόγραμμα που προτάσσει τη μείωση των έμμεσων φόρων, του ΦΠΑ στα τρόφιμα, του Ειδικού Φόρου Κατανάλωσης στα καύσιμα. ",political agenda,,economy,,tax cuts,0.5,0,0,[]
31,"They are not going to drive us crazy here in Greece by lying to us like Trump in America and making the lie seem true that indirect taxes favor the poor. If we reduce them, we will favor the rich. We need a program that dares to get its hands on the super-profits of the energy and refinery giants who have made the crisis an opportunity for enrichment and have accumulated over 6 billion in super-profits in the last year.","Δεν θα μας τρελάνουν εμάς εδώ στην Ελλάδα, λέγοντάς μας ψέματα όπως ο Τραμπ στην Αμερική, κάνοντας το ψέμα να φαίνεται αλήθεια, ότι οι έμμεσοι φόροι ευνοούν τους φτωχούς και αν τους μειώσουμε θα ευνοήσουμε τους πλούσιους. Κι ένα πρόγραμμα που τολμά να βάλει χέρι στα υπερκέρδη, στην αισχροκέρδεια των κολοσσών της ενέργειας και των διυλιστηρίων, που έκαναν την κρίση ευκαιρία πλουτισμού και συσσώρευσαν πάνω από 6 δισ. υπερκέρδη τον τελευταίο χρόνο.",political agenda,,other,energy,energy crisis,-0.6,0.2,0,"[['greece', 'location', '1.0'], ['trump', 'person', '1.0'], ['america', 'country', '1.0'], ['energy and refinery giants', 'organization', '1.0']]"
32,"A program that, in addition to the reconstruction of the NHS, which is our central priority, strengthens public education with quality public schools and universities, emphasizes research to give young people the prospect of staying in the country, and puts forward a strong social protection grid for children, mothers, young couples, the elderly, and the disabled.","Ένα πρόγραμμα που πέρα από την ανασυγκρότηση του ΕΣΥ, που αποτελεί κεντρική μας προτεραιότητα, πέρα από την ενίσχυση της δημόσιας εκπαίδευσης, με ποιοτικά δημόσια σχολεία και πανεπιστήμια, πέρα από την έμφαση στην έρευνα για να δώσουμε προοπτική στους νέους ανθρώπους να μείνουν στη χώρα, είναι ένα κι ένα πρόγραμμα που προτάσσει ένα ισχυρό πλέγμα κοινωνικής προστασίας. Για το παιδί, για τις μητέρες, για τα νέα ζευγάρια, για τους ηλικιωμένους, για τα άτομα με αναπηρία.",political agenda,,education,social state,higher education,0.8,0,0,"[['nhs', 'organization', '1.0'], ['public schools', 'organization', '1.0'], ['universities', 'organization', '1.0'], ['research', 'organization', '0.9'], ['young people', 'group of people', '0.9'], ['country', 'location', '1.0'], ['children', 'group of people', '0.9'], ['mothers', 'group of people', '0.9'], ['young couples', 'group of people', '0.9'], ['elderly', 'group of people', '0.9'], ['disabled', 'group of people', '0.9.']]"
33,"Finally, it advocates protecting primary residences, commercial housing, and agricultural land, as well as addressing the housing crisis, in order to prevent the largest redistribution of property in our country since World War II in favor of a few and foreign interests. This is what Mr. Mitsotakis is planning with funds and auctions.","Προτάσσει, τέλος, την προστασία της πρώτης κατοικίας, της επαγγελματικής στέγης και της αγροτικής γης και την αντιμετώπιση της στεγαστικής κρίσης, για να αποτραπεί η μεγαλύτερη αναδιανομή περιουσίας που έχει γίνει στον τόπο μας από τον Β’ Παγκόσμιο Πόλεμο και μετά, υπέρ ολίγων και ξένων συμφερόντων. Γιατί αυτό σχεδιάζει ο κ. Μητσοτάκης με τα funds και τους πλειστηριασμούς.",criticism,political agenda,housing,,home protection,-0.6,0,0.1,"[['mitsotakis', 'person', '1.0'], ['world war ii', 'date', '1.0']]"
34,"Finally, it proposes a strong, modern, and effective state with meritocracy and accountability, which will not be a party or family spoils but will be a tool for development and service to citizens. Not the state that collapsed in Tempe three months ago and put ministers on the TV channels telling obscene lies. No, we will not forget this crime! The 57 souls are asking for justice. And we will fight. This is our promise to the parents of the unfortunate children, but also to the young men and women of our country who must never again experience such a tragedy. We will fight for justice and a state that stands by the citizen. Not an enemy of the citizen. Not a state dangerous to the citizen.","Προτάσσει, τέλος, κι ένα κράτος ισχυρό, σύγχρονο αποτελεσματικό με αξιοκρατία και λογοδοσία, που δεν θα αποτελεί λάφυρο κομματικό ή οικογενειακό, αλλά θα είναι εργαλείο ανάπτυξης και εξυπηρέτησης των πολιτών. Όχι το κράτος που κατέρρευσε στα Τέμπη πριν από τρεις μήνες και έβγαζε τους υπουργούς στα κανάλια να λένε αισχρά ψέματα. Όχι, δεν θα ξεχάσουμε αυτό το έγκλημα! Ζητάνε δικαίωση οι 57 ψυχές. Και θα αγωνιστούμε. Αυτή είναι η υπόσχεσή μας προς τους γονείς των αδικοχαμένων παιδιών, αλλά και προς τους νέους και τις νέες του τόπου μας, που δεν πρέπει να ζήσουν ποτέ ξανά μια τέτοια τραγωδία. Θα αγωνιστούμε για να υπάρξει δικαίωση και ένα κράτος δίπλα στον πολίτη. Όχι εχθρός του πολίτη. Όχι ένα κράτος επικίνδυνο για τον πολίτη.",criticism,political agenda,accountability,justice,other,0.75,0.2,0,"[['tempe', 'location', '0.8'], ['57', 'group of people', '0.7'], ['citizens', 'group of people', '0.5'], ['parent', 'person', '0.6'], ['young men', 'group of people', '0.6'], ['women', 'group of people', '0.6'], ['country', 'location', '0.8']]"
35,"So, citizens of Athens, my friends, we contrast this programme with the programme and plan of New Democracy, which, I repeat, is the one that was submitted in Brussels, supplemented by Mr. Pneimatikos' plan for the NHS.","Αυτό λοιπόν το πρόγραμμα, πολίτες της Αθήνας, φίλες και φίλοι, αντιπαραθέτουμε στο πρόγραμμα και στο σχέδιο της Νέας Δημοκρατίας, που, επαναλαμβάνω, είναι αυτό που κατατέθηκε στις Βρυξέλλες, συμπληρωμένο από το σχέδιο του κ. Πνευματικού για το ΕΣΥ.",criticism,,health,,other,0,0,0,"[['athens', 'location', '1.0'], ['new democracy', 'political party', '1.0'], ['brussels', 'location', '1.0'], ['nhs', 'organization', '1.0'], ['pneimatikos', 'person', '0.8']]"
36,"We have insisted very much, as you will have seen, in this election, that there should be a confrontation of programs, a confrontation of strategies, concepts, ideas, and visions, so that citizens can compare, judge soberly, and with knowledge of the objective differences between the different alternative plans. On the contrary, our political opponent, New Democracy, has once again designed and implemented a toxic strategy, investing in fake news, constantly diverting public debate from the real issues at stake, and not even hesitating to throw sensitive national issues, such as Thrace and the minority, into the electoral arena. Armed with their audacity, lies, and the NIS, which they turned into a tool for serving party and personal interests, they did not even hesitate to take the country back, way back, to the years and the paths of the Schism. ""National exception,"" they said, is SYRIZA-Progressive Alliance. Its MPs and voters are ""bequeathers."" Half of them are ""nationalists,"" and the other half of Greeks are ""of reduced national consciousness."" They evoked memories of the darkest years of the Schism. As if this is not New Democracy, but the ERE of the 1950s. As if we were in the period of the National Schism.","Επιμείναμε πολύ, όπως θα είδατε, σε αυτή την εκλογική αναμέτρηση, να υπάρξει αντιπαράθεση προγραμμάτων, να υπάρξει αντιπαράθεση στρατηγικών, αντιλήψεων, ιδεών, οραμάτων, ώστε να μπορέσουν να συγκρίνουν οι πολίτες, κρίνοντας νηφάλια και με γνώση των αντικειμενικών διαφορών μεταξύ των διαφορετικών εναλλακτικών σχεδίων. Αντιθέτως, ο πολιτικός μας αντίπαλος, η Νέα Δημοκρατία, σχεδίασε και υλοποίησε για μια ακόμη φορά μια τοξική στρατηγική, επενδύοντας στα fake news, αποπροσανατολίζοντας συνεχώς τη δημόσια συζήτηση από τα πραγματικά επίδικα και μη διστάζοντας ακόμα και να ρίξει στην προεκλογική αρένα ευαίσθητα εθνικά θέματα, όπως αυτό της Θράκης και της μειονότητας. Με όπλο τους το θράσος, το ψέμα και την ΕΥΠ, που την μετέτρεψαν σε εργαλείο εξυπηρέτησης κομματικών και προσωπικών σκοπιμοτήτων, δεν δίστασαν ακόμη και να γυρίσουν τη χώρα πίσω, πολύ πίσω, στα χρόνια και στα μονοπάτια του Διχασμού. “Εθνική εξαίρεση”, είπαν, είναι ο ΣΥΡΙΖΑ-Προοδευτική Συμμαχία. “Μειοδότες” οι βουλευτές και οι ψηφοφόροι του. “Εθνικόφρονες” οι μισοί και “μειωμένης εθνικής συνείδησης” οι άλλοι μισοί Έλληνες. Ξύπνησαν μνήμες από τα πιο σκοτεινά χρόνια του Διχασμού. Λες και αυτή δεν είναι η Νέα Δημοκρατία, αλλά η ΕΡΕ της δεκαετίας του ’50. Λες και βρισκόμαστε στην περίοδο του Εθνικού Διχασμού.",criticism,,other,democracy,other,-0.8,0.9,0,"[['we', 'person', '0.9'], ['election', 'date', '0.7'], ['programs', 'group of people', '0.4'], ['strategies', 'group of people', '0.4'], ['concepts', 'group of people', '0.4'], ['ideas', 'group of people', '0.4'], ['visions', 'group of people', '0.4'], ['citizens', 'group of people', '0.5'], ['new democracy', 'political party', '0.9'], ['thrace', 'location', '0.7'], ['syriza-progressive alliance', 'political party', '0.7'], ['ere', 'political party', '0.5'], ['national schism', 'event', '0.6']]"
37,"But they have learned the lesson they deserved, a lesson of national responsibility, patriotism, and democratic sensitivity from SYRIZA - Progressive Alliance. Mr. Mitsotakis wanted to vilify us and our minority MPs, and he finally vilified his own minority candidate. He made him a scapegoat, as is his wont. And it went downhill to the point of sending Mrs. Bakoyianni to Thrace, not to unite but to divide. Not to reassure but to threaten. And to come out in front of the cameras with the audacity to threaten and terrorize poor and frightened people: ""If you don't vote the right way this time, you're going to have four hard years."" That was her message. And that message was not a message for the minority. It was and is a message that they wanted to go to every citizen, every home, every social group, every citizen who would think of standing up to their party and family power.","Πήραν όμως το μάθημα που τους άξιζε. Ένα μάθημα εθνικής ευθύνης, πατριωτισμού, αλλά και δημοκρατικής ευαισθησίας από τον ΣΥΡΙΖΑ- Προοδευτική Συμμαχία. Εμάς και τους μειονοτικούς βουλευτές μας ήθελε να διασύρει ο κ. Μητσοτάκης, και διέσυρε τελικά τον δικό του μειονοτικό υποψήφιο. Αποδιοπομπαίο τράγο τον έκανε, όπως το συνηθίζει άλλωστε. Κι έφτασε ο κατήφορος μέχρι το σημείο να στείλει στη Θράκη την κυρία Μπακογιάννη όχι για να ενώσει, αλλά για να διχάσει. Όχι για να καθησυχάσει, αλλά για να απειλήσει. Και να βγει μπροστά στις κάμερες με θράσος να απειλήσει και να τρομοκρατήσει φτωχούς και φοβισμένους ανθρώπους: «Αν δεν ψηφίσετε σωστά τούτη τη φορά, θα περάσετε τέσσερα δύσκολα χρόνια». Αυτό ήταν το μήνυμά της. Και το μήνυμα αυτό δεν ήταν ένα μήνυμα για τη μειονότητα. Ήταν και είναι μήνυμα που ήθελαν να πάει σε κάθε πολίτη, σε κάθε σπίτι, σε κάθε κοινωνική ομάδα, σε κάθε πολίτη που θα διανοηθεί να σταθεί απέναντι στην κομματική και οικογενειακή τους εξουσία.",criticism,,other,democracy,election spending,-0.7,0.5,0,"[['syriza - progressive alliance', 'organization', '1.0'], ['mr. mitsotakis', 'person', '1.0'], ['minority mps', 'group of people', '0.6'], ['minority candidate', 'person', '0.9'], ['mrs. bakoyianni', 'person', '1.0'], ['thrace', 'location', '0.8'], ['four hard years', 'date', '0.6']]"
38,"So today, we are sending a message to everyone from Syntagma Square: We do not play with the homeland! Greece is not expendable for us, nor do we put it up for sale for a few thousand votes. As always, we put patriotic responsibility above party and personal interests. We will protect and defend democracy to the end. We will stand here, strong and resolute, to support every social group and citizen threatened by the regime mentality of an unaccountable power. Today it is the minority, tomorrow it will be the workers, wage earners, nurses, teachers, delinquents, cultural workers, and young people. We will stand up against the practices of terror and intimidation of every social category. We will stand by every citizen and every social group that is threatened and wants to resist the plans to flatten it. If they threaten you that you will have four difficult years, we are here to guarantee that we will be by your side so that these four years will be four years of struggle and dignity for your rights!","Στέλνουμε λοιπόν σήμερα κι εμείς όμως από δω, από την πλατεία Συντάγματος, ένα μήνυμα προς όλους: Εμείς με τη πατρίδα δεν παίζουμε! Δεν είναι αναλώσιμη για μας η Ελλάδα, ούτε τη βγάζουμε στο παζάρι για λίγες χιλιάδες ψήφους. Εμείς, όπως πάντα, βάζουμε την πατριωτική ευθύνη πάνω από τα κομματικά και προσωπικά συμφέροντα. Και τη Δημοκρατία θα την προστατεύσουμε και θα την υπερασπιστούμε μέχρι τέλους. Θα είμαστε εδώ όρθιοι και δυνατοί, για να σταθούμε δίπλα σε κάθε κοινωνική ομάδα, σε κάθε πολίτη που απειλείται από την καθεστωτική νοοτροπία μιας ασύδοτης εξουσίας, ενός καθεστώτος. Σήμερα είναι η μειονότητα, αύριο θα είναι οι εργαζόμενοι, οι μισθωτοί, οι νοσηλευτές, οι εκπαιδευτικοί, οι ντελιβεράδες, οι εργαζόμενοι στον πολιτισμό, οι νέες και οι νέοι. Θα είμαστε απέναντι στις πρακτικές τρομοκράτησης και εκφοβισμού κάθε κοινωνικής κατηγορίας. Θα είμαστε δίπλα σε κάθε πολίτη! Σε κάθε κοινωνική ομάδα που απειλείται και που θέλει να αντισταθεί στα σχέδια της ισοπέδωσής του. Αν αυτοί σας απειλούν ότι θα περάσετε τέσσερα δύσκολα χρόνια, εμείς είμαστε εδώ για να εγγυηθούμε πως θα είμαστε δίπλα σας ώστε αυτά τα τέσσερα χρόνια να είναι τέσσερα χρόνια αγώνα και αξιοπρέπειας για τα δικαιώματά σας!",political agenda,,democracy,,other,0.6,0.6,0.2,"[['syntagma square', 'location', '1.0'], ['greece', 'country', '1.0'], ['democracy', 'organization', '0.7'], ['regime', 'organization', '0.8'], ['workers', 'group of people', '0.8'], ['wage earners', 'group of people', '0.7'], ['nurses', 'group of people', '0.7'], ['teachers', 'group of people', '0.7'], ['delinquents', 'group of people', '0.7'], ['cultural workers', 'group of people', '0.7'], ['young people', 'group of people', '0.7']]"
39,"Dear friends, comrades, and citizens of Athens, Sunday's election is not a continuation of the previous one; it is a new contest. The dilemmas this time are tough, but we are not the ones making them. The electoral system of enhanced proportional representation, which gives 50 bonus seats to the first party, sets the dilemmas. The Greek people will have to choose between two programs and two alternative strategies on Sunday. Our strategy is one of strong democracy, pluralism, civil society, participation, accountability, meritocracy, inclusion, and dialogue. That is our strategy.","Φίλες και φίλοι, συντρόφισσες και σύντροφοι, πολίτες της Αθήνας, η εκλογική αναμέτρηση της Κυριακής δεν είναι συνέχεια της προηγούμενης. Είναι μια καινούργια αναμέτρηση. Και τα διλήμματα αυτή τη φορά είναι σκληρά. Δεν τα βάζουμε εμείς. Το εκλογικό σύστημα της ενισχυμένης αναλογικής, που δίνει 50 έδρες μπόνους στο πρώτο κόμμα, τα βάζει τα διλήμματα. Και στην κρίση του ελληνικού λαού την Κυριακή είναι αυτά τα δύο προγράμματα αλλά και οι δυο εναλλακτικές στρατηγικές. Η δική μας στρατηγική είναι στρατηγική της ισχυρής Δημοκρατίας, του πλουραλισμού, της κοινωνίας των πολιτών, της συμμετοχής, της λογοδοσίας, της αξιοκρατίας, της συμπερίληψης και του διαλόγου. Αυτή είναι η δική μας στρατηγική.",political agenda,,democracy,elections,other,0.4,0.2,0,"[['athens', 'location', '1.0'], ['greek', 'country', '1.0'], ['sunday', 'date', '1.0'], ['first party', 'group of people', '1.0'], ['greek people', 'group of people', '1.0']]"
40,"The strategy of New Democracy is the opposite. Its program copies the plans of neoliberalism, and its strategy copies the plans of Machiavelli. Their strategy and plan are not only to win the elections but, above all, to weaken their only real opponent because they fear only one: SYRIZA-Progressive Alliance.","Η στρατηγική της Νέας Δημοκρατίας βρίσκεται στον αντίποδα. Το πρόγραμμά της αντιγράφει τα σχέδια του νεοφιλελευθερισμού και η στρατηγική της αντιγράφει τα σχέδια του Μακιαβέλι. Γιατί στρατηγική και σχέδιο τους δεν είναι μόνο να κερδίσουν τις εκλογές, αλλά κυρίως να αποδυναμώσουν τον μόνο στ’ αλήθεια αντίπαλό τους, γιατί μόνο έναν φοβούνται: Τον ΣΥΡΙΖΑ-Προοδευτική Συμμαχία.",criticism,,elections,,other,-0.5,0.8,0.3,"[['new democracy', 'organization', '0.9'], ['neoliberalism', 'organization', '0.6'], ['machiavelli', 'person', '0.8'], ['syriza-progressive alliance', 'political party', '0.9.']]"
41,"Because we have proven for more than ten years now that we are the only political force that, with its program and its vigor, can confront the neoliberal project, the conservative policies, and the policies of New Democracy and oppose them. That is why we remain the only force that can confront and prevent them from setting up an uncontrolled regime, as they seek to do on Monday.","Γιατί εμείς έχουμε αποδείξει πάνω από δέκα χρόνια τώρα πως είμαστε η μόνη πολιτική δύναμη που με το πρόγραμμα και με το σθένος της μπορεί να κοιτάξει στα μάτια και να αντιπαρατεθεί με το νεοφιλελεύθερο σχέδιο, με τις συντηρητικές πολιτικές, με τις πολιτικές της Νέας Δημοκρατίας. Γι' αυτό και παραμένουμε η μόνη δύναμη που μπορεί τη Δευτέρα να αντιμετωπίσουμε και να εμποδίσουμε να στήσουν ένα ανεξέλεγκτο καθεστώς, όπως επιδιώκουν.",criticism,political agenda,democracy,elections,other,0.5,0.6,0.2,[]
42,"The goal of Mr Mitsotakis and New Democracy, after the simple proportional representation ballot - which led to an obvious fragmentation of the progressive parties' forces - is to maintain this fragmentation the next day, in order to have a fragmented and powerless opposition. With many small parties in parliament, this does not stop them. Their plan is to discredit it. They say so openly and show it many times by favoring certain parties that help this design. But why do they do this? Because a degraded parliament with an ineffective opposition is the best condition not for a government that wants to govern democratically, but for a regime. The logic of divide and rule. This is the logic and strategy of New Democracy.","Στόχος του κ. Μητσοτάκη και της Νέας Δημοκρατίας, μετά την κάλπη της απλής αναλογικής -που οδήγησε σ’ έναν προφανή κατακερματισμό τις δυνάμεις των προοδευτικών κομμάτων- στόχος τους είναι την επόμενη μέρα αυτός ο κατακερματισμός να διατηρηθεί, για να έχουν μια κατακερματισμένη και ανίσχυρη αντιπολίτευση. Με πολλά μικρά κόμματα στη Βουλή, δεν τους εμποδίζει αυτό. Σχέδιο τους είναι για να την απαξιώσουν. Αυτό επιδιώκουν, το λένε ανοιχτά. Και το δείχνουν πολλές φορές ευνοώντας στην πράξη συγκεκριμένα κόμματα, που βοηθούν αυτό τον σχεδιασμό. Γιατί όμως το κάνουν αυτό; Γιατί ένα υποβαθμισμένο κοινοβούλιο με μια αναποτελεσματική αντιπολίτευση, είναι η καλύτερη προϋπόθεση όχι μιας κυβέρνησης που θέλει να κυβερνήσει δημοκρατικά, αλλά ενός καθεστώτος. Η λογική «διαίρει και βασίλευε». Αυτή είναι η λογική και η στρατηγική της Νέας Δημοκρατίας.",criticism,,democracy,elections,other,-0.8,0,0,"[['mitsotakis', 'person', '1.0'], ['new democracy', 'political party', '1.0'], ['progressive parties', 'group of people', '1.0'], ['parliament', 'organization', '1.0'], ['regime', 'organization', '1.0'], ['greece', 'country', '1.0']]"
43,"Today, from Constitution Square, the square of popular struggles and democracy, I would like to address the democratic people of the country, every progressive and democratic citizen, whatever they voted in the May elections, at this ballot box, to support democracy. Support the stability and health of democracy and our political system, and put a brake on the creation of an uncontrolled regime. I call on every democratic, progressive citizen to support a project of justice against the project of reduced wages, reduced rights, reduced expectations. Support the upgrading of public education and its officials, and stand up against the plan for supermarket universities and an education that depends on everyone's wallet, against the plan to revise Article 16, so that education, too, becomes a place of speculation for big interests.","Θέλω λοιπόν σήμερα από εδώ, από την Πλατεία Συντάγματος, την πλατεία των λαϊκών αγώνων και της Δημοκρατίας, να απευθυνθώ και να καλέσω τον δημοκρατικό κόσμο της χώρας, κάθε προοδευτικό και δημοκρατικό πολίτη, ό,τι κι αν ψήφισε στις εκλογές του Μάη, σε αυτή την κάλπη να στηρίξει τη Δημοκρατία. Να στηρίξει τη σταθερότητα και την υγεία της Δημοκρατίας και του πολιτικού μας συστήματος. Και να βάλει φρένο στη δημιουργία ενός ανεξέλεγκτου καθεστώς. Καλώ κάθε δημοκρατικό, προοδευτικό πολίτη να στηρίξει ένα σχέδιο δικαιοσύνης απέναντι στο σχέδιο των μειωμένων μισθών, των μειωμένων δικαιωμάτων, των μειωμένων προσδοκιών. Να στηρίξει την αναβάθμιση της δημόσιας Παιδείας και των λειτουργών της, και να σταθεί απέναντι στο σχέδιο για πανεπιστήμια-σούπερ μάρκετ και μια Παιδεία που θα εξαρτάται από το πορτοφόλι του καθενός, στο σχέδιο για την αναθεώρηση του άρθρου 16, για να γίνει και η Παιδεία χώρος κερδοσκοπίας των μεγάλων συμφερόντων. ",political agenda,,education,elections,other,0.8,0.9,0.2,"[['constitution square', 'location', '1.0'], ['may', 'date', '1.0'], ['article 16', 'organization', '1.0']]"
44,"They started with the minimum input base. They want to complete it at a time when departments and schools in the districts are closing. They dream of 180 MPs to revise Article 16. And if they don't have enough, he says they will have the complicity of PASOK's Androulakis as their advocate. He was quick to advance his cooperation in the revision of Article 16. We call on every democratic citizen to support the upgrading of public education.","Ξεκίνησαν με την ελάχιστη βάση εισαγωγής. Θέλουν να το ολοκληρώσουν, τη στιγμή που κλείνουν Τμήματα και Σχολές στις Περιφέρειες, αυτοί ονειρεύονται 180 Βουλευτές για να αναθεωρήσουν το άρθρο 16. Και αν δεν τους φτάσουν ,λέει, θα έχουν και ως συνήγορο, θα έχουν τη συνέργεια του ΠΑΣΟΚ του κ. Ανδρουλάκη. Που έσπευσε να προκαταβάλλει τη σύμπραξή του στην αναθεώρηση του άρθρου 16. Εμείς λοιπόν καλούμε κάθε δημοκρατικό πολίτη να στηρίξει την αναβάθμιση της δημόσιας Παιδείας. ",political agenda,criticism,education,,academic research,0,0,0,"[['pasok', 'organization', '0.8'], ['androulakis', 'person', '0.6'], ['180 mps', 'group of people', '0.7'], ['article 16', 'political party', '0.4'], ['districts', 'location', '0.5'], ['public education', 'organization', '0.4']]"
45,"To uphold the dignity and security of work, against the plan that consigns Greeks to cheap labor in a Greece that is turning its children away. To support the prospect of a just society, against the plan and the prospect of a society of exclusion, inequality, discrimination, and bribery.","Να στηρίξει την αξιοπρέπεια και την ασφάλεια της εργασίας, απέναντι στο σχέδιο που προορίζει τους Έλληνες και τις Ελληνίδες για φτηνή εργατική δύναμη σε μια Ελλάδα που διώχνει τα παιδιά της. Να στηρίξει την προοπτική μιας δίκαιης κοινωνίας, απέναντι στο σχέδιο και την προοπτική μιας κοινωνίας αποκλεισμών, ανισότητας, διακρίσεων και ρουσφετιού.",political agenda,,employment,,working class,0.53,0.6,0.2,"[['greeks', 'location', '0.8'], ['greece', 'country', '0.7']]"
46,"To support the project for a fair and efficient state, against one of selfishness, favoritism, inefficiency, corruption, and injustice. Because we do not forget the 15 billion in direct awards and closed tenders in the previous period. And we are very worried about how and who will manage the 30 billion of the Recovery Fund coming in the next four years.","Να στηρίξει το σχέδιο για ένα δίκαιο και αποτελεσματικό κράτος, απέναντι σε αυτό της ιδιοτέλειας, των εξυπηρετήσεων, της αναξιοκρατίας, της διαφθοράς. Γιατί δεν ξεχνάμε τα 15 δισεκατομμύρια σε απευθείας αναθέσεις και κλειστούς διαγωνισμούς, την προηγούμενη περίοδο. Και είμαστε πολύ ανήσυχοι για το πώς και ποιος θα διαχειριστεί τα 30 δισεκατομμύρια του Ταμείου Ανάκαμψης, που έρχονται στην επόμενη τετραετία.",criticism,political agenda,corruption,transparency,corruption,-0.7,0.6,0,"[['recovery fund', 'organization', '0.8'], ['15 billion', 'date', '0.7'], ['four years', 'date', '0.6']]"
47,"And let's not forget that it was not only a state of bribery, inefficiency, and corruption. It was also a ""Big Brother"" parastate that will be set up even more rampantly and uncontrollably if the correlations of the simple proportional representation ballot are repeated this coming Sunday.","Και δεν ξεχνάμε ότι δεν ήταν μόνο το κράτος του ρουσφετιού, της αναξιοκρατίας, της διαφθοράς. Αλλά ήταν και ένα παρακράτος του “Μεγάλου Αδερφού”, που θα στηθεί ακόμη πιο ασύδοτο, ακόμη πιο ανεξέλεγκτο, αν επαναληφθούν οι συσχετισμοί της κάλπης της απλής αναλογικής την Κυριακή που έρχεται.",criticism,,democracy,corruption,corruption,-0.6,0.6,0,"[['big brother', 'organization', '0.9'], ['sunday', 'date', '0.9']]"
48,"For these reasons, we call on every democratic and progressive citizen to support the SYRIZA-Progressive Alliance, despite their disagreements and reservations, at the ballot box on Sunday. Because only the SYRIZA-Progressive Alliance can oppose the plan and programme of New Democracy with its own plan and programme. The reversal of the May election results on Sunday, with the decisive support of SYRIZA, citizens of Athens and friends, is not a matter of party expediency. It is a question of social stability and democratic normality.","Γι' αυτούς λοιπόν τους λόγους, καλούμε κάθε δημοκρατικό και προοδευτικό πολίτη, να στηρίξει, παρά τις διαφωνίες τους, τις επιφυλάξεις του, τον ΣΥΡΙΖΑ-Προοδευτική Συμμαχία, στην κάλπη της Κυριακής. Γιατί μόνο ο ΣΥΡΙΖΑ-Προοδευτική Συμμαχία μπορεί να αντιπαρατεθεί με το δικό του σχέδιο και πρόγραμμα στο σχέδιο και το πρόγραμμα της Νέας Δημοκρατίας. Η ανατροπή των συσχετισμών του Μαΐου στην κάλπη της Κυριακής, με την αποφασιστική ενίσχυση του ΣΥΡΙΖΑ, πολίτες της Αθήνας, φίλες και φίλοι, δεν είναι ζήτημα κομματικής σκοπιμότητας. Είναι ζήτημα κοινωνικής σταθερότητας και δημοκρατικής κανονικότητας.",political agenda,,elections,,election spending,0.5,0.2,0,"[['syriza-progressive alliance', 'organization', '1.0'], ['new democracy', 'political party', '0.75'], ['may election', 'date', '1.0'], ['sunday', 'date', '0.75'], ['athens', 'location', '1.0']]"
49,"So we call from here, from the square of our people's struggles, the square where the struggles for the Constitution, freedom, and democracy were fought. We call on every progressive and democratic citizen to reflect on what the design of the New Democracy and Mr. Mitsotakis is, and which choices objectively help this design. Which choices at the ballot box objectively help this planning? And which choice is preventing this planning? The only option that prevents it is the decisive strengthening of SYRIZA-Progressive Alliance, so that Mr. Mitsotakis does not have a blank check on Monday. We call on every citizen, despite the fatigue of two elections, to go to the polls, not to take their vote out of the account of democracy. Because the vote that is removed from the ballot box of the Republic is automatically added to the ballot box of the New Democracy. And despite whatever differences and reservations they may have with us, we call on them to stand firmly behind democracy, their tomorrow, their lives. So let us also convince those who did not vote in May to vote in June. Not only those who voted, not to think about abstaining, but to convince even those who did not vote to come to the polls now.","Καλούμε λοιπόν από εδώ, από την πλατεία των αγώνων του λαού μας, την πλατεία που δόθηκαν οι αγώνες για Σύνταγμα, ελευθερία, δημοκρατία, καλούμε κάθε προοδευτικό και δημοκρατικό πολίτη να αναλογιστεί ποιος είναι ο σχεδιασμός της Νέας Δημοκρατίας και του κ. Μητσοτάκη, και ποιες επιλογές αυτόν τον σχεδιασμό τον βοηθάνε αντικειμενικά. Ποιες επιλογές στην κάλπη αυτό τον σχεδιασμό, αντικειμενικά, τον βοηθάνε. Και ποια είναι η επιλογή που τον αποτρέπει αυτό τον σχεδιασμό: Η μόνη επιλογή που τον αποτρέπει, είναι η αποφασιστική ενίσχυση του ΣΥΡΙΖΑ-Προοδευτική Συμμαχία, ώστε να μην έχει λευκή επιταγή τη Δευτέρα ο κ. Μητσοτάκης. Καλούμε και κάθε πολίτη, παρά την κούραση δυο εκλογικών αναμετρήσεων, να προσέλθει στις κάλπες, να μη βγάλει από τον λογαριασμό της Δημοκρατίας την ψήφο του. Γιατί η ψήφος που αφαιρείται από την κάλπη της Δημοκρατίας, προστίθεται αυτομάτως στην κάλπη της Νέας Δημοκρατίας. Και παρά τις όποιες διαφορές και τις επιφυλάξεις που μπορεί να έχουν μαζί μας, τους καλούμε να στηρίξουν αποφασιστικά τη Δημοκρατία, το αύριο, τη ζωή τους. Να πείσουμε λοιπόν και αυτούς που δεν ψήφισαν τον Μάιο, να ψηφίσουν τον Ιούνιο. Όχι μόνο αυτούς που ψήφισαν, να μη σκεφτούν να απέχουν, αλλά να πείσουμε ακόμα και αυτούς που δεν ψήφισαν, να έρθουν τώρα στις κάλπες.",political agenda,,elections,,election spending,0,0.3,0.2,"[['syriza-progressive alliance', 'group of people', '1.0'], ['mitsotakis', 'person', '0.75'], ['new democracy', 'political party', '1.0'], ['republic', 'location', '1.0'], ['greece', 'country', '1.0'], ['constitution', 'political party', '0.5'], ['monday', 'date', '0.5'], ['june', 'date', '0.5']]"
50,"Because the correlation that will emerge on Sunday is crucial for all of our lives, and because I deeply believe it and have said it from the first moment we stood up to fight this battle: no contest is decided until the people decide it with their vote, and no fight is lost. Only those struggles that are not fought are lost. So I call on you to fight this fight until the last minute, with the aim of overturning the correlations and achieving a winning result. Nothing is decided until the last ballot box is closed on Sunday. That is why I call on you to be present at the ballot box and at the polling stations, in all polling stations, with electoral representatives, to be everywhere, to be there, to be more stubborn, stronger, and more determined than in previous elections. I call on all of you, with optimism and determination, to go together to fight this fight until the last ballot box is closed on Sunday. And from Monday, let us be together again. We will move forward together, in struggles alongside society and on behalf of the social majority. On behalf of all those we have represented for so many years in the Greek political arena. On behalf of the underprivileged, the unemployed, the young, and the working people. On behalf of the social majority.","Γιατί είναι κρίσιμος για τη ζωή όλων μας ο συσχετισμός που θα προκύψει την Κυριακή. Και γιατί σας το λέω και το πιστεύω βαθιά, το είπα από την πρώτη στιγμή που σηκωθήκαμε και σταθήκαμε όρθιοι για να δώσουμε αυτή τη μάχη: Καμία αναμέτρηση δεν κρίνεται πριν ο λαός την κρίνει με την ψήφο του. Και κανένας αγώνας δεν είναι χαμένος. Χαμένοι είναι μονάχα οι αγώνες που δεν δίνονται. Σας καλώ λοιπόν να δώσουμε αυτό τον αγώνα μέχρι το τελευταίο λεπτό. Με στόχο να ανατρέψουμε τους συσχετισμούς. Με στόχο να έχουμε ένα νικηφόρο αποτέλεσμα. Τίποτα δεν έχει κριθεί μέχρι να κλείσει και η τελευταία κάλπη την Κυριακή. Γι' αυτό και σας καλώ να δώσουμε το παρόν και στην κάλπη και στα εκλογικά τμήματα, σε όλα τα εκλογικά τμήματα, με εκλογικούς αντιπροσώπους, να είμαστε παντού, να είμαστε εκεί, να είμαστε πιο πεισμωμένοι, πιο ισχυροί, πιο αποφασισμένοι απ’ ό,τι στις προηγούμενες εκλογές. Σας καλώ όλες και όλους, με αισιοδοξία και αποφασιστικότητα να πάμε μαζί να δώσουμε αυτό τον αγώνα, μέχρι να κλείσει και η τελευταία κάλπη την Κυριακή. Και από Δευτέρα, να είμαστε πάλι μαζί. Και θα είμαστε πάλι μαζί. Θα προχωρήσουμε μαζί, θα προχωρήσουμε μπροστά. Στους αγώνες στο πλάι της κοινωνίας και για λογαριασμό της κοινωνικής πλειοψηφίας. Για λογαριασμό όλων αυτών που εκπροσωπούμε τόσα χρόνια στο ελληνικό πολιτικό στερέωμα. Για λογαριασμό των μη προνομιούχων, των άνεργων, των νέων, των εργαζομένων. Για λογαριασμό της κοινωνικής πλειοψηφίας.",political agenda,,other,elections,election spending,0.5,0,0,"[['sunday', 'date', '1.0'], ['greek', 'country', '1.0']]"
51,"Because, citizens of Athens, you know well that the SYRIZA-Progressive Alliance did not happen by accident, nor by chance, nor by accident from 2012 onwards. The people's party, the great party of the Left, the pillar of the progressive party, the refuge and support of the underprivileged, the voice of those who have no voice in this place, was not made by accident! The SYRIZA-Progressive Alliance was, is, and will be a mature child of necessity, the spokesman of the hope of the popular strata, the main pillar of the progressive party in our country. Not a party of protest, nor a complement and willing partner in the plans of the Right, as PASOK has been since 2012, but a party of governance, a party that wants to bring the people to governance and power. And we will bring the people and the Progressive Party back into the governance of the country, to put our visions, our aspirations, our values into practice. We are and will be here, together, to defend every social group that is in the crosshairs of right-wing policies that breed barbarism, to give breath to democracy and space to resistance, alongside every citizen seeking justice, standing with the weapons of democracy, speech, and vote, with the rightness of our positions, ideas, and values. With these weapons, I invite you to fight the difficult battle on Sunday, and until the ballot box, in every neighborhood, in every workplace, in every home, person by person, to reclaim every vote. With calculation and with a dream, we will fight this fight, the fight of our ideas, the fight of our values, the struggle of dignity, for a just society, for prosperity for all and for all. So let's go all the way to victory! Let's go forward for social justice, for prosperity for all! Let's go forward, and we will win! Goodbye, good strength, good fight!","Γιατί το ξέρετε καλά, πολίτες της Αθήνας, ο ΣΥΡΙΖΑ-Προοδευτική Συμμαχία δεν έγινε τυχαία, δεν έγινε από συγκυρία, δεν έγινε κατά λάθος από το 2012 και μετά. Η λαϊκή, η μεγάλη παράταξη της Αριστεράς, ο πυλώνας της προοδευτικής Παράταξης, το αποκούμπι, το στήριγμα των μη προνομιούχων, των αδικημένων, η φωνή όσων δεν έχουν φωνή σ’ αυτό τον τόπο, δεν έγινε τυχαία! Ήταν, είναι και θα είναι ο ΣΥΡΙΖΑ-Προοδευτική Συμμαχία ώριμο τέκνο της ανάγκης. Ο εκφραστής της ελπίδας των λαϊκών στρωμάτων. Ο βασικός πυλώνας της προοδευτικής Παράταξης στον τόπο μας. Όχι κόμμα διαμαρτυρίας. Ούτε συμπλήρωμα και πρόθυμος εταίρος στα σχέδια της Δεξιάς, όπως είναι το ΠΑΣΟΚ από το 2012. Αλλά κόμμα διακυβέρνησης. Κόμμα που θέλει να φέρει τον λαό στη διακυβέρνηση και στην εξουσία. Και θα φέρουμε τον λαό και την προοδευτική Παράταξη ξανά στη διακυβέρνηση του τόπου. Για να κάνουμε πράξη τα οράματα, τις αγωνίες, τις αξίες μας. Είμαστε και θα είμαστε εδώ, μαζί. Για να υπερασπιστούμε κάθε κοινωνική ομάδα που βρίσκεται στο στόχαστρο μιας δεξιάς πολιτικής, που γεννά βαρβαρότητα. Για να δώσουμε ανάσα στη δημοκρατία και χώρο στην αντίσταση. Είμαστε και θα είμαστε εδώ, δίπλα σε κάθε πολίτη που θα αναζητά το δίκιο του. Όρθιοι, με τα όπλα της δημοκρατίας, του λόγου και της ψήφου. Με το δίκιο των θέσεων, των ιδεών και των αξιών μας. Με αυτά τα όπλα, σας καλώ να δώσουμε τη δύσκολη μάχη της Κυριακής. Και μέχρι την κάλπη, σε κάθε γειτονιά, σε κάθε χώρο εργασίας, σε κάθε σπίτι, άνθρωπο τον άνθρωπο, να διεκδικήσουμε την κάθε ψήφο. Με λογισμό αλλά και με όνειρο θα δώσουμε αυτό τον αγώνα, τον αγώνα των ιδεών μας, τον αγώνα των αξιών μας. Τον αγώνα της αξιοπρέπειας. Για μια δίκαιη κοινωνία, για ευημερία για όλες και για όλους. Πάμε λοιπόν μέχρι τη νίκη! Πάμε μπροστά! Για κοινωνική δικαιοσύνη, για ευημερία για όλους! Πάμε μπροστά και θα νικήσουμε! Γεια σας, καλή δύναμη, καλό αγώνα!",political agenda,,elections,,other,0.6,0.2,0.6,"[['athens', 'location', '1.0'], ['syriza-progressive alliance', 'political party', '1.0'], ['left', 'group of people', '1.0'], ['progressive party', 'political party', '1.0'], ['underprivileged', 'person', '1.0'], ['pasok', 'political party', '1.0'], ['sunday', 'date', '1.0']]"
52,"The fact that we have filled this square today is more important than any other time we have filled it. Today is one of the most important moments, and it will be one of the most important moments on Monday because we will have a good, victorious result. We will be stronger, more determined, and more stubborn. We will never become an adjunct to the plans of our political opponents. Here, we will be an obstacle to their plans of flattening, and we will stand by every citizen and every social group in need. SYRIZA is the mature child of social need. So let's go together until victory. Goodbye!","Το ότι γεμίσαμε σήμερα αυτή την πλατεία, είναι πιο σημαντικό από κάθε άλλη φορά που τη γεμίσαμε. Σήμερα είναι μια από τις πιο σημαντικές στιγμές. Και θα είναι και τη Δευτέρα μία από τις πιο σημαντικές στιγμές. Γιατί θα έχουμε ένα καλό, νικηφόρο αποτέλεσμα και θα είμαστε πιο δυνατοί, πιο αποφασισμένοι, πιο πεισμωμένοι. Δεν θα γίνουμε ποτέ συμπλήρωμα στα σχέδια των πολιτικών μας αντιπάλων. Θα είμαστε, εδώ, εμπόδιο στα δικά τους σχέδια της ισοπέδωσης και δίπλα σε κάθε πολίτη, σε κάθε κοινωνική ομάδα που το έχει ανάγκη. ΣΥΡΙΖΑ, ώριμο τέκνο της κοινωνικής ανάγκης. Πάμε μαζί λοιπόν! Πάμε μαζί μέχρι τη νίκη. Γεια σας!",political agenda,,elections,,other,0.71,0,0,"[['monday', 'date', '1.0'], ['syriza', 'political party', '1.0']]"